Literal Lemma;MariTerm ID;MariT sense;IWN sense;Gloss S. (WM);Total S.;T. Relation S.;Malus;Bonus;MariTerm Gloss
nave militare;N#20;1;1;0.02;17.34;13.04;-1.65;5.94;nave impiegata per scopi militari eo di guerra
imbarcazione;N#58;1;1;0.18;12.69;11.85;-5.61;6.27;"termine generico per indicare barche di piccole e medie dimensioni  utilizzate per diversi scopi lavoro  piacere  etc
"
oggetto;N#645;1;1;0.50;9.68;6.54;-0.66;3.30;qualunque oggetto concreto
scrittura;N#251;4;4;1.00;7.64;5.32;-0.99;2.31;uno scritto che documenta qualcosa e che dà informazioni
bussola;N#106;1;1;1.00;6.51;3.86;0.00;1.65;strumento che indica la direzione del punto cardinale nord e permette pertanto di conoscere la direzione di uno spostamento  rispetto a tale punto cardinale
navigazione;N#45;2;3;1.00;6.12;3.80;-0.33;1.65;tecnica e pratica che consentono di mantanere una rotta
porto;N#90;1;1;1.00;5.83;4.83;-2.31;2.31;luogo di scalo di navi
attività;N#2136;1;1;1.00;5.79;3.80;-0.66;1.65;atto compiuto per uno scopo
inerente;AG#127;1;1;-0.03;5.75;3.79;-0.33;2.31;
unità_di_misura;N#1177;1;1;1.00;5.51;3.85;-1.32;1.98;grandezza di paragone il cui valore viene messo uguale a uno e rispetto alla quale vengono misurate le altre grandezze con essa omogenee
cardine;N#994;3;3;1.00;5.51;4.18;-1.32;1.65;punto cardinale
duello;N#2096;2;2;1.00;5.27;3.61;-0.33;0.99;atto  sforzo di due o più concorrenti per vincersi  superarsi a vicenda
lavoratore;N#482;1;1;0.36;5.25;4.56;-1.32;1.65;chi lavora nel campo della navigazione e dei trasporti navali
galleggiante;N#379;1;1;-0.10;5.21;3.99;-0.99;2.31;qualsiasi corpo che galleggia sia fissato al fondo come boe o gavitelli  sia mobile come vari tipi d imbarcazione
cargo;N#16;1;1;1.00;5.02;4.68;-2.97;2.31;nave adibita al trasporto di merci
attività_sportiva;N#1901;1;1;1.00;4.73;2.41;0.00;1.32;gioco o esercizio praticato per diletto o per esibizione
mezzo;N#2073;2;2;1.00;4.70;2.71;-0.99;1.98;qualunque mezzo di trasporto
prodotto;N#644;1;1;1.00;4.68;2.69;-0.33;1.32;tutto ciò che gli uomini producono
organismo;N#2023;1;3;1.00;4.33;2.34;0.00;0.99;organo  istituzione  organo  ente
roba;N#264;2;2;1.00;3.84;3.83;-2.97;1.98;qualunque bene mobile  economicamente utile  destinato alla vendita
posizione;N#510;1;2;1.00;3.81;2.15;-0.33;0.99;posizione all interno della gerarchia sociale  posizione all interno di una gerarchia
fenomeno_atmosferico;N#1009;1;1;-0.10;3.75;4.18;-2.97;2.64;fenomeno fisico che concerne l atmosfera
pesce;N#2032;1;1;1.00;3.56;1.90;0.00;0.66;animale vertebrato acquatico
strumento nautico;N#2172;1;1;0.06;3.43;3.04;-0.99;1.32;utile per calcolare la posizione della nave e per tecniche eo operazioni di navigazione
bagaglio;N#682;1;1;1.00;3.24;1.58;0.00;0.66;insieme degli oggetti che un viaggiatore reca con sè
insieme;N#635;1;1;1.00;3.21;5.18;-5.94;2.97;la totalità  persone o animali o cose radunate insieme
stanga;N#893;1;1;1.00;3.14;3.13;-2.64;1.65;barra di materiale vario
viaggio;N#2683;1;1;1.00;3.11;1.12;0.00;0.99;trasferimento da un luogo ad un altro
nave;N#6;1;1;0.14;3.00;11.11;-12.21;3.96;"imbarcazione di una certa grandezza che  fornita di adeguati mezzi di propulsione  è adibita al trasporto di persone e merci o che  opportunamente attrezzata e armata  è impiegata in attività belliche
"
segnalare;V#1444;1;1;1.00;2.92;1.26;0.00;0.66;indicare per mezzo di segnali
nulla_osta;N#516;1;1;1.00;2.91;1.58;-0.33;0.66;il documento che attesta il permesso accordato
fardello;N#2019;1;1;1.00;2.91;1.58;-0.33;0.66;carico  involto  pacco voluminoso e pesante da portare
organizzazione;N#2353;1;2;1.00;2.85;1.52;-0.33;0.66;complesso  gruppo organizzato
ufficio;N#517;2;2;1.00;2.85;1.52;-0.33;0.66;insieme degli impiegati che in un determinato luogo svolgono una attività
rivestitura;N#1180;2;2;1.00;2.70;1.04;-0.33;0.99;la cosa che si usa per ricoprire alcuni oggetti  in genere con funzione di protezione
albero;N#88;1;4;1.00;2.68;2.67;-2.31;1.32;palo che regge le vele in una imbarcazione
scrittura;N#530;1;3;1.00;2.58;1.58;-0.66;0.66;documento con rilevanza giuridica
spedizione;N#231;1;2;1.00;2.48;0.82;0.00;0.66;atto dello spedire
segnalazione;N#1442;1;1;1.00;2.48;0.82;0.00;0.66;ogni comunicazione di notizie  effettuata con qualsiasi mezzo
viaggiare;V#2684;1;1;1.00;2.48;0.82;0.00;0.66;spostarsi da un luogo all altro per lavoro  turismo  o altro
circumnavigazione;N#782;1;1;0.49;2.40;1.58;-0.33;0.66;viaggio marittimo intorno al globo terrestre o anche intorno ad un isola o ad un continente
scalo;N#655;1;1;1.00;2.36;1.03;-0.33;0.66;luogo in cui arrivano o da cui partono mezzi e passeggeri di aerei  navi  treni
sottufficiale;N#2139;1;1;1.00;2.26;0.93;-0.33;0.66;militare di grado intermedio tra gli ufficiali e la truppa
dichiarazione;N#250;3;3;1.00;2.25;1.58;-0.99;0.66;documento con il quale si dichiara
canapo;N#649;1;1;1.00;2.20;1.20;-0.33;0.33;grossa fune di canapa
segnalazione;N#1443;2;2;1.00;2.16;0.50;0.00;0.66;messaggio  comunicazione
bussola da rilevamento;N#293;1;1;1.00;2.15;0.82;0.00;0.33;particolare tipo di bussola magnetica  per rilevare cioè per stabilire la direzione di un qualsiasi oggetto rispetto al nord magnetico
anfibio;N#531;1;4;1.00;2.15;0.82;0.00;0.33;veicolo in grado di muoversi sia in terra che su acqua
marina;N#47;3;2;1.00;2.15;0.82;0.00;0.33;l insieme degli uomini  delle navi  dei mezzi della marina militare
navigazione strumentale;N#476;1;1;1.00;2.15;0.82;0.00;0.33;la navigazione che si avvale dell ausilio di vari strumenti
pesce_volante;N#2036;1;1;1.00;2.15;0.82;0.00;0.33;pesce che spicca salti fuori dell acqua
porto industriale;N#94;1;1;1.00;2.15;0.82;0.00;0.33;porto al servizio di grandi complessi industriali
subcontinente;N#2639;1;1;1.00;2.15;0.82;0.00;0.33;parte di un continente con caratteristiche peculiari
visto;N#279;1;1;1.00;2.15;0.82;0.00;0.33;formula scritta con cui un amministrazione attesta di aver controllato un documento
visto;N#514;2;2;1.00;2.15;0.82;0.00;0.33;autorizzazione con cui uno stato straniero rende effettiva la validità di un passaporto
aereo;AG#2613;3;3;1.00;2.15;0.82;0.00;0.33;che concerne l areonautica
alberatura;N#581;1;1;1.00;2.15;0.82;0.00;0.33;insieme degli alberi pennoni e cordame di una imbarcazione a vela
albero dell'antenna;N#955;1;1;1.00;2.15;0.82;0.00;0.33;parte superiore e più fine degli alberi nei grandi velieri
ammattare;V#1446;1;1;1.00;2.15;0.82;0.00;0.33;chiedere aiuto inalberando segnali sulla nave
austro;N#998;2;2;1.00;2.15;0.82;0.00;0.33;punto cardinale a sud
balla;N#591;1;1;1.00;2.15;0.82;0.00;0.33;grosso involto di merce
bucaniere;N#1276;1;1;1.00;2.15;0.82;0.00;0.33;pirata che nel xvii secolo praticava la guerra corsara
bussola di rotta;N#294;1;1;1.00;2.15;0.82;0.00;0.33;bussola principale dell imbarcazione  normalmente posta davanti al timone
bussola giroscopica;N#291;1;1;1.00;2.15;0.82;0.00;0.33;bussola che funziona indipendentemente dall azione del magnetismo terrestre e che si basa sul principio del giroscopio
bussola magnetica;N#292;1;1;1.00;2.15;0.82;0.00;0.33;bussola che sfrutta l effetto del magnetismo terrestre  composta da uno o più aghi magnetici  liberi di ruotare  che si orientano verso il nord magnetico disponendosi parallelamente ai meridiani magnetici
calumare;V#679;1;1;1.00;2.15;0.82;0.00;0.33;calare le funi in mare
camera;N#593;1;2;1.00;2.15;0.82;0.00;0.33;ente  associazione  assemblea
carroponte;N#776;1;1;1.00;2.15;0.82;0.00;0.33;gru per sollevare e trasportare grandi carichi
collettame;N#2184;1;1;1.00;2.15;0.82;0.00;0.33;merce varia trasportata da un unico mezzo  per conto di più clienti
continentale;AG#2636;1;1;1.00;2.15;0.82;0.00;0.33;del continente clima
cotto;N#2123;1;1;1.00;2.15;0.82;0.00;0.33;mattone di terracotta
ente;N#1903;1;2;1.00;2.15;0.82;0.00;0.33;ogni organizzazione pubblica o privata
export;N#254;1;1;1.00;2.15;0.82;0.00;0.33;l esportare
fattura;N#255;3;3;1.00;2.15;0.82;0.00;0.33;documento che prova una vendita
franchigia;N#256;1;1;1.00;2.15;0.82;0.00;0.33;documento che attesta una franchigia
giacenza;N#2185;1;2;1.00;2.15;0.82;0.00;0.33;merce che giace in magazzino  in particolare non venduta
grappino;N#680;1;2;1.00;2.15;0.82;0.00;0.33;ancorotto
import;N#2182;1;1;1.00;2.15;0.82;0.00;0.33;l insieme delle merci importate
informativa;N#2645;1;1;1.00;2.15;0.82;0.00;0.33;insieme di informazioni
intercontinentale;AG#2637;1;1;1.00;2.15;0.82;0.00;0.33;che riguarda  che mette in comunicazione e sim più continenti
navale;AG#10;1;1;1.00;2.15;0.82;0.00;0.33;relativo alle navi
nave a carroponte;N#13;1;1;1.00;2.15;0.82;0.00;0.33;dispone di propri mezzi di sollevamento  scorrevoli su rotaie da poppa a prua per servire tutte le stive della nave ed in grado di operare sui due lati della nave
nave autosbarcante;N#14;1;1;1.00;2.15;0.82;0.00;0.33;nave di modeste dimensioni destinata al trasporto di granaglie  carbone e minerali dotata di tramogge è in grado di scaricare il materiale su nastri convogliatori a terra
nave frigo;N#18;1;1;1.00;2.15;0.82;0.00;0.33;nave con locali frigoriferi per la conservazione della merce
nave per carico secco;N#22;1;1;1.00;2.15;0.82;0.00;0.33;nave da carico
navetta_spaziale;N#33;1;1;1.00;2.15;0.82;0.00;0.33;navetta spaziale
navigazione astronomica;N#473;1;1;1.00;2.15;0.82;0.00;0.33;insieme dei metodi e degli strumenti per determinare la posizione geografica mediante l osservazione degli astri e la misurazione delle loro coordinate
navigazione d'altura;N#206;1;1;1.00;2.15;0.82;0.00;0.33;navigazione in altomare
navigazione mista;N#207;1;1;1.00;2.15;0.82;0.00;0.33;navigazione praticata un tempo a vela e a vapore
navigazione piana;N#474;1;1;1.00;2.15;0.82;0.00;0.33;insieme dei metodi e degli espedienti per risolvere i problemi della navigazione costiera e della navigazione stimata sulla carta nautica con l ausilio della geometria piana
navigazione stimata;N#475;1;1;1.00;2.15;0.82;0.00;0.33;procedimento per calcolare e determinare la posizione geografica attuale in dipendenza dell ultima posizione certa
nembo;N#1528;1;1;1.00;2.15;0.82;0.00;0.33;nube bassa  oscura  portatrice di pioggia
occaso;N#1000;2;2;1.00;2.15;0.82;0.00;0.33;punto cardinale
ora;N#2279;2;2;1.00;2.15;0.82;0.00;0.33;tempo misurabile dall orologio
organico;N#1258;1;1;1.00;2.15;0.82;0.00;0.33;il complesso delle persone addette ad un servizio  in un ufficio  in un azienda  in una nave  ecc
oriente;N#1001;1;1;1.00;2.15;0.82;0.00;0.33;punto cardinale
pescatore;N#2031;2;2;1.00;2.15;0.82;0.00;0.33;utensile per il recupero degli attrezzi di sondaggio in caso di incidenti
peso;N#2045;1;1;1.00;2.15;0.82;0.00;0.33;la forza che un corpo esercita per effetto della gravità terrestre
petroliera;N#859;2;1;1.00;2.15;0.82;0.00;0.33;nave adibita al trasporto di petrolio
porto commerciale;N#91;1;1;1.00;2.15;0.82;0.00;0.33;porto dedicato al traffico commerciale e mercantile
porto di rifornimento;N#92;1;1;1.00;2.15;0.82;0.00;0.33;punto di sosta intermedio per navi
porto di velocità;N#93;1;1;1.00;2.15;0.82;0.00;0.33;porto destinato al movimento dei passeggeri
porto petrolifero;N#95;1;1;1.00;2.15;0.82;0.00;0.33;porto attrezzato per la ricezione di prodotti finiti da nave cisterna
portuale;AG#128;1;1;1.00;2.15;0.82;0.00;0.33;del porto
radionavigazione;N#472;1;1;1.00;2.15;0.82;0.00;0.33;navigazione assistita via radio sia aerea che marittima
sborso;N#253;1;1;1.00;2.15;0.82;0.00;0.33;lo sborsare
segnale;N#220;1;1;1.00;2.15;0.82;0.00;0.33;qualsiasi oggetto o figura che serva a contrassegnare o a indicare qualcosa
serrafila;N#564;1;1;1.00;2.15;0.82;0.00;0.33;sottufficiale o graduato che marcia in coda ad un reparto  persona che chiude una fila
buffo;N#2583;2;2;1.00;2.15;0.82;0.00;0.33;vento leggero che soffia a tratti
sottufficiale;N#2140;2;2;1.00;2.15;0.82;0.00;0.33;grado intermedio della gerarchia militare
specialità;N#2187;1;2;1.00;2.15;0.82;0.00;0.33;prodotto tipico ed esclusivo
tir;N#2603;1;1;1.00;2.15;0.82;0.00;0.33;convenzione che regola il trasporto di merci su strada
tramontana;N#1003;2;2;1.00;2.15;0.82;0.00;0.33;punto cardinale indicato dalla stella polare
trasporto;N#2237;2;2;1.00;2.15;0.82;0.00;0.33;ogni attività che ha per scopo il trasferimento di persone o cose da un luogo all altro
ufficiale;N#2141;3;3;1.00;2.15;0.82;0.00;0.33;grado di certi ordini della cavalleria
venduto;N#2188;1;1;1.00;2.15;0.82;0.00;0.33;la merce venduta
nodo;N#390;2;3;1.00;2.15;0.82;0.00;0.33;unità di misura della velocità di una nave
pescecane;N#2037;1;1;1.00;2.15;0.82;0.00;0.33;nome di vari pesci di alcuni ordini dei selaci  dal comportamento aggrssivo e pericoloso
roulotte;N#2617;1;1;1.00;2.15;0.82;0.00;0.33;veicolo attrezzato ad abitazione
vela;N#130;2;2;1.00;2.15;0.82;0.00;0.33;sport
grado_centesimale;N#1893;1;1;1.00;2.15;0.82;0.00;0.33;unità di misura degli angoli corrispondente alla centesima parte di un angolo retto
formula;N#515;1;1;1.00;2.09;0.76;0.00;0.33;insieme di parole stabilite dall uso o dalla norma ecc
pirata;N#1309;1;1;1.00;2.09;0.76;0.00;0.33;chi corre il mare per depredare navi
simbolo;N#1441;2;2;1.00;2.09;0.76;0.00;0.33;segno che acquisisce un valore all interno di un sistema convenzionale
calare;V#678;1;2;1.00;2.09;0.76;0.00;0.33;far scendere lentamente
convenzione;N#2602;2;2;1.00;2.09;0.76;0.00;0.33;patto  trattato tra stati
potenza;N#2051;4;4;1.00;2.09;0.76;0.00;0.33;capacità di un sistema di sviluppare lavoro  grandezza fisica
cadenza;N#2281;2;2;1.00;2.05;0.72;0.00;0.33;il tempo musicale  successione regolare di unità metriche uniformii
boma;N#103;1;1;0.88;2.03;0.82;0.00;0.33;asta imperniata sull albero di poppa  usata per mantenere tesa la vela di randa
proprietà;N#2138;2;2;0.88;2.02;1.14;-0.33;0.33;qualità particolare  virtù propria di alcune cose
precipitazione;N#2495;1;2;1.00;2.02;1.02;-0.99;0.99;fenomeno atmosferico
andatura in poppa;N#784;1;1;0.87;2.02;0.82;0.00;0.33;andatura con il vento che proviene da poppa o con un approssimazione fino a 20 30 dalla poppa stessa
poppavia;N#1583;1;1;0.87;2.02;0.82;0.00;0.33;direzione relativa verso la parte di poppa
altezza;N#1648;1;1;0.00;2.01;2.34;-1.32;0.99;misura riferita alle stelle oppure a parti dell imbarcazione ha anche altri significati differenti a seconda del contesto
silurante;N#27;1;1;1.00;2.01;1.01;-0.33;0.33;
torpediniera;N#568;1;1;1.00;2.01;1.01;-0.33;0.33;nave militare
camera;N#648;2;1;0.10;2.00;2.23;-1.65;1.32;ambiente interno  stanza  ripostiglio  deposito
ufficiale;N#1874;1;2;1.00;1.99;0.99;-0.99;0.99;militare che ricopre un grado  da sottotenente  o da guardiamarina  in su
albero di maestra;N#456;1;1;0.83;1.98;0.82;0.00;0.33;albero di maggiore dimensione che in genere sostiene una vela chiamata randa di maestra
motoscafo;N#539;1;1;1.00;1.95;0.29;0.00;0.66;imbarcazione spinta da motore a scoppio
dazio;N#246;2;2;0.80;1.95;0.82;0.00;0.33;
dazio;N#245;1;1;0.80;1.95;0.82;0.00;0.33;
dogana;N#252;1;1;0.80;1.95;0.82;0.00;0.33;
oceano;N#2014;1;1;0.80;1.95;0.82;0.00;0.33;
traversata;N#470;1;3;0.80;1.95;0.82;0.00;0.33;
pesistica;N#2044;1;1;0.80;1.95;0.82;0.00;0.33;
remo;N#705;1;1;0.30;1.91;0.96;0.00;0.66;asta  specialmente di legno sagomato resistente e leggero  dotata di un estremo in forma di pala che viene immerso nell acqua affinché il rematore  facendo leva sull estremo opposto  possa dare spinta propulsiva al natante
fenomeno_naturale;N#2505;1;1;-0.03;1.90;2.26;-1.65;1.32;
bovo;N#1938;1;1;0.71;1.86;0.82;0.00;0.33;piccolo veliero mercantile 
evento;N#2133;1;1;-0.05;1.85;1.90;-0.66;0.66;
andatura di bolina;N#791;1;1;0.68;1.83;0.82;0.00;0.33;andatura con il vento che proviene da una direzione che forma con la prua il minor angolo possibile  in genere 4060 gradi  
fermare;V#651;5;5;1.00;1.83;0.50;0.00;0.33;fissare in anticipo una camera in albergo  un posto a teatro  ecc
navigabile;AG#36;1;1;1.00;1.83;0.50;0.00;0.33;che può essere percorso da navi
nave Roll on-Roll off;N#25;1;1;1.00;1.82;0.82;-0.33;0.33;nave per la movimentazione di materiale rotabile  con una apertura a poppa e munita di più rampe di accesso al ponte superiore
regata;N#729;1;1;1.00;1.82;0.82;-0.33;0.33;gara di velocità tra imbarcazioni di vario tipo
contenitore;N#603;1;1;1.00;1.82;0.82;-0.33;0.33;oggetto che serve a contenerne altri  spec per agevolarne il trasporto
società;N#2644;3;3;1.00;1.82;0.82;-0.33;0.33;azienda  una ditta  complesso industriale o commerciale  la ditta come insieme delle persone che la costituiscono
collo;N#240;1;5;1.00;1.82;0.82;-0.33;0.33;bagaglio da trasportare
contratto;N#244;1;1;1.00;1.82;0.82;-0.33;0.33;documento frutto di un accordo tra parti
navigatore;N#42;2;2;1.00;1.82;0.82;-0.33;0.33;l ufficiale che indica la rotta da seguire sulle navi e sugli aerei
poppiero;AG#1586;1;1;0.66;1.81;0.82;0.00;0.33;relativo alla poppa
nube;N#963;1;1;1.00;1.81;2.13;-2.97;1.65;ammasso di vapori che si raccolgono nell atmosfera
andatura al lasco;N#785;1;1;0.64;1.79;0.82;0.00;0.33;andatura con il vento che proviene tra i 90 e i 150 gradi di angolatura rispetto alla prua
tempo;N#2273;1;1;1.00;1.76;0.76;-0.33;0.33;successione illimitata di istanti in cui si svolgono gli eventi e le variazioni delle cose
gru;N#775;2;2;1.00;1.76;0.76;-0.33;0.33;macchina per sollevare e spostare carichi
liquidazione;N#527;1;1;1.00;1.76;0.76;-0.33;0.33;il pagamento di somme dovute  atto del pagare
nord-est;N#999;1;1;0.61;1.76;0.82;0.00;0.33;punto cardinale intermedio
scirocco;N#996;2;2;0.61;1.76;0.82;0.00;0.33;punto cardinale intermedio
sud-ovest;N#1002;1;1;0.61;1.76;0.82;0.00;0.33;punto cardinale intermedio
albero di fortuna;N#954;1;1;0.61;1.76;0.82;0.00;0.33;albero improvvisato con un fusto o palo in coperta per sostituire un albero spezzato dal vento o da una avaria
millibar;N#1259;1;1;0.60;1.75;0.82;0.00;0.33;unità di misura della pressione atmosferica un millibar equivale a 0 76 mm della colonna di mercurio 
versamento;N#247;3;3;1.00;1.74;0.41;0.00;0.33;l oggetto o i valori depositati
navigazione;N#9;1;1;1.00;1.74;3.05;-3.96;1.65;il navigare
periplo;N#2685;1;1;1.00;1.74;0.41;0.00;0.33;circumnavigazione
stivare;V#229;1;1;0.08;1.69;0.95;0.00;0.66;sistemare il carico a bordo di una nave o di una imbarcazione
binocolo;N#984;1;1;0.51;1.66;0.82;0.00;0.33;"visore a doppio oculare e dotato di un potere elevato di ingrandimento i più comunemente utilizzati sono i binocoli prismatici
"
insenatura;N#1616;1;1;-0.10;1.65;1.09;-0.33;0.99;rientranza di varia profondità lungo la sponda di un corso d acqua  di un lago o del mare 
ricorso;N#2238;4;4;0.89;1.65;0.43;0.00;0.33;luogo dove si cerca protezione  rifugio  riparo
vettore;N#278;1;1;1.00;1.62;0.29;0.00;0.33;chi esegue il trasporto di merci o persone per conto di terzi
esportatore;N#493;1;1;1.00;1.62;0.29;0.00;0.33;chi esporta merci all estero
diramazione;N#259;3;3;0.85;1.61;0.76;-0.33;0.33;
mattone;N#2119;1;1;0.85;1.61;0.76;-0.33;0.33;
situare;V#422;1;1;1.00;1.58;0.91;-0.99;0.66;porre  collocare una persona o una cosa in un determinato luogo
neve;N#2496;1;1;0.42;1.57;0.82;0.00;0.33;precipitazione atmosferica costituita da piccole particelle di ghiaccio originate dal forte raffreddamento del vapore acqueo delle nubi  che scendono lentamente al suolo spec aggregate in fiocchi bianchi
prueggiare;V#663;1;1;1.00;1.55;0.22;0.00;0.33;navigare di prua
piede;N#1556;1;4;0.39;1.54;0.82;0.00;0.33;"unità di misura inglese delle lunghezze  pari a 3047 cm e  internazionalmente usata per esprimere le dimensioni di navi ed imbarcazioni
"
vascello;N#569;1;1;1.00;1.53;0.53;-0.33;0.33;grande nave da guerra a tre ponti  tre alberi altissimi  pezzi di artiglieria e moltissime vele  in uso fino alla metà del xix secolo
prenotazione;N#650;1;1;1.00;1.50;0.50;-0.33;0.33;atto del prenotare o del prenotarsi
anemoscopio;N#2549;1;1;0.67;1.49;0.82;-0.33;0.33;strumento per misurare la direzione del vento
struttura;N#2022;1;2;1.00;1.49;0.49;-0.99;0.99;cosa costruita
manovra;N#190;2;6;1.00;1.49;0.82;-0.66;0.33;designa in modo generico qualunque cima o cavo in acciaio sull alberatura  destinato ad una precisa funzione  ma non le cime o i cavi stivati
codice;N#239;2;2;1.00;1.49;0.82;-0.66;0.33;gruppo di numeri o di numeri e lettere che serve a identificare ogni singola entità d un dato sistema
manifesto;N#696;1;3;1.00;1.49;0.82;-0.66;0.33;documento commerciale  relativo soprattutto ad operazioni portuali e aeroportuali
assicurazione;N#235;2;2;1.00;1.49;0.82;-0.66;0.33;documento assicurativo
miglio;N#1176;3;3;1.00;1.49;0.82;-0.66;0.33;unità di misura di lunghezza
sampang;N#543;1;1;1.00;1.47;0.14;0.00;0.33;imbarcazione a remi  usata su fiumi e acque costiere nell estremo oriente
iole;N#174;1;1;1.00;1.47;0.14;0.00;0.33;piccola imbarcazione a remi o a vela per uso costiero
baleniera;N#67;2;2;1.00;1.47;0.14;0.00;0.33;imbarcazione a remi usata un tempo da comandanti e ammiragli
fasello;N#169;1;1;1.00;1.47;0.14;0.00;0.33;antica imbarcazione veloce
idroplano;N#172;1;1;1.00;1.47;0.14;0.00;0.33;natante a sostentazione idroplana
idroscivolante;N#173;1;1;1.00;1.47;0.14;0.00;0.33;imbarcazione propulsa con elica aerea
patino;N#540;1;1;1.00;1.47;0.14;0.00;0.33;imbarcazione da diporto  a remi o pedali
tender;N#545;1;1;1.00;1.47;0.14;0.00;0.33;imbarcazione di servizio utilizzato per scendere a terra da imbarcazioni più grandi
crociera;N#1862;2;2;0.32;1.47;0.82;0.00;0.33;viaggio di piacere compiuto su una nave  seguendo un tragitto e un programma fissato in precedenza
stazza;N#271;1;1;0.32;1.47;0.82;0.00;0.33;volume interno della nave indicativo della sua capacità di carico
scalandrone;N#1543;1;1;1.00;1.45;0.12;0.00;0.33;passerella mobile tra nave e banchina
rompighiaccio;N#26;1;1;1.00;1.45;0.12;0.00;0.33;nave attrezzata per aprirsi la strada nei mari polari  rompendo la crosta di ghiaccio che li copre
baleniera;N#66;1;1;1.00;1.45;0.12;0.00;0.33;nave attrezzata per la caccia alla balena
nave bacino;N#15;1;1;1.00;1.45;0.12;0.00;0.33;nave bacino semisommergibile
nave da crociera;N#17;1;1;1.00;1.45;0.12;0.00;0.33;bastimento che naviga a scopo turistico o escursionistico 
navicella;N#34;1;1;1.00;1.45;0.12;0.00;0.33;piccola nave
rimorchiatore;N#1781;1;1;-0.10;1.44;0.88;0.00;0.66;nave addetta al rimorchio di altri natanti anche di dimensioni molto maggiori
continente;N#2624;1;1;1.00;1.43;0.76;-0.66;0.33;ciascuna delle grandi superfici emerse della crosta terrestre
maretta;N#748;1;1;0.28;1.43;0.82;0.00;0.33;stato del mare caratterizzato da onde corte e confuse
cirrostrato;N#2540;1;1;0.28;1.43;0.82;0.00;0.33;nube biancastra sottile e trasparente  costituita da cristalli di ghiaccio la presenza di queste nubi possono annunciare l arrivo di un periodo caldo o di una tempesta
coperta;N#385;1;3;1.00;1.42;0.09;0.00;0.33;ponte scoperto della nave
cala;N#197;1;1;1.00;1.41;0.08;0.00;0.33;locale di una nave  nella parte più bassa della stiva
magazzino;N#262;1;1;1.00;1.41;0.08;0.00;0.33;locale per il deposito e la conservazione di merce
cilindro;N#1375;2;2;1.00;1.41;0.41;-0.33;0.33;oggetto a forma di cilndro  tubo
omaggio;N#2129;3;3;1.00;1.41;0.41;-0.33;0.33;la cosa donata
colonna;N#641;3;3;1.00;1.41;0.41;-0.33;0.33;si dice di varie cose verticali di forma allungata
affondamento;N#2580;1;1;1.00;1.41;0.41;0.00;0.00;l affondare e il suo risultato
appontare;V#329;1;1;1.00;1.40;0.07;0.00;0.33;compiere la manovra di appontaggio
cirrocumulo;N#2539;1;1;0.25;1.40;0.82;0.00;0.33;nube stratificata e densa composta di piccoli fiocchi biancastri disposti in file o in gruppi che formano il cosiddetto cielo a pecorelle 
furgone;N#2616;1;1;0.24;1.39;0.82;0.00;0.33;veicolo
gabbia;N#666;2;2;1.00;1.39;0.06;0.00;0.33;tipo di vela
parrocchetto;N#667;2;2;1.00;1.39;0.06;0.00;0.33;vela dell albero di trinchetto
velaccio;N#134;1;1;1.00;1.39;0.06;0.00;0.33;vela quadra
muro;N#2126;1;1;1.00;1.38;0.38;0.00;0.00;costruzione in muratura  in sassi  mattoni o altro  commesso con calcina o cemento
circolo Amici-Magnaghi;N#966;1;1;1.00;1.38;0.05;0.00;0.33;strumento a riflessione  impiegato ancora oggi per misurare gli angoli azimutali sottocosta
sestante;N#900;1;2;1.00;1.38;0.05;0.00;0.33;strumento a riflessione  impiegato essenzialmente per determinare il puntonave  mediante l osservazione dell altezza degli atri sull orizzonte
sferoscopio;N#967;1;1;1.00;1.38;0.05;0.00;0.33;consente la lettura delle coordinate altazimutali corrispondenti a quelle locali orarie o equatoriali e  viceversa  di un astro assegnato
ottante;N#2174;1;1;1.00;1.38;0.05;0.00;0.33;costruito e firmato da joseph william duff sec xviii precursore del sestante  anche l ottante serviva per determinare l altezza degli astri sull orizzonte
nostromo;N#810;1;1;0.22;1.37;0.82;0.00;0.33;"sottufficiale addetto ai servizi marinareschi e di bordo  sottufficiale della categoria dei nocchieri
"
ABS;N#1905;1;1;1.00;1.37;0.04;0.00;0.33;materiale termoplastico utilizzato nella costruzione di scafi inferiori ai 5 metri
sartia;N#740;1;1;0.22;1.37;0.82;0.00;0.33;ciascuno dei cavi d acciaio che sostengono lateralmente gli alberi
trasportare;V#450;1;1;0.00;1.34;1.01;0.00;0.33;
cirro;N#1087;1;1;0.19;1.34;0.82;0.00;0.33;"nuvola d alta quota che si presenta a forma di filamento  bianca e senza ombre può essere isolato o presentarsi in grandi insiemi compatti  in tal caso portano maltempo 
"
fondale;N#186;1;2;1.00;1.33;0.00;0.00;0.33;altezza dal livello dell acqua
incidente;N#2131;1;1;0.24;1.33;0.76;0.00;0.33;fatto inatteso  spec negativo che viene a turbare lo svolgimento di un attività o il normale corso degli eventi  disgrazia  sciagura
premio;N#2100;1;5;0.17;1.32;0.82;0.00;0.33;tipo di gara
bireme;N#1934;1;1;0.87;1.31;0.12;0.00;0.33;nave antica a due ordini di remi
imbuto;N#1601;1;1;0.15;1.30;0.82;0.00;0.33;"attrezzo a forma troncoconica  di plastica o tela  talvolta utilizzato nelle imbarcazioni a vela per raccogliere lo spinnaker
"
cappa;N#1179;1;4;0.15;1.30;0.82;0.00;0.33;"copertura di tela utilizzata per proteggere i boccaporti  strumenti  o l intera imbarcazione
"
pioggia;N#2506;1;1;0.15;1.30;0.82;0.00;0.33;precipitazione atmosferica di gocce d’acqua  che ha origine dalla condensazione del vapore acqueo contenuto nell’atmosfera
ormeggio;N#201;2;3;0.85;1.27;0.43;-0.33;0.33;luogo in cui si ormeggia
picco;N#1552;1;1;0.11;1.26;0.82;0.00;0.33;asta simile ad un mezzo pennone al quale si fissa il lato superiore di una randa aurica
sartiame;N#1711;1;1;0.10;1.25;0.82;0.00;0.33;"l insieme di tutte le manovre dormienti che sostengono gli alberi sartie  stralli  paterazzi  stralletti  etc 
"
ormeggio;N#529;3;2;0.09;1.24;0.82;0.00;0.33;ciascuno dei cavi  delle funi  delle ancore impiegati per ormeggiare una nave eo che assicurano un imbarcazione
canottaggio;N#1971;1;1;0.09;1.24;0.82;0.00;0.33;sport nautico su imbarcazioni a remi lo sport moderno del c ebbe origine in inghilterra nel 1715
antenna;N#969;1;1;0.07;1.22;0.82;0.00;0.33;strumento di foggia diversa  asta  parabola o sistema composto  usato per ricevere o per diffondere onde radio
penna;N#1548;1;1;0.06;1.21;0.82;0.00;0.33;angolo superiore delle vele latine  dei fiocchi e delle vele di strallo  al quale si collega la drizza per issare e tesare la vela
campionato;N#2097;1;1;0.06;1.21;0.82;0.00;0.33;
fischio;N#1480;1;1;0.05;1.20;0.82;0.00;0.33;congegno sonoro di segnalazione usato sulle navi per indicare variazioni di andatura o di rotta
utensile;N#2173;1;1;1.00;1.20;4.16;-7.92;3.96;arnese atto all esecuzione di determinate operazioni proprie di un arte  di un mestiere o di una tecnica
tangone;N#1697;1;1;0.04;1.19;0.82;0.00;0.33;lunga asta  in lega leggera o in fibre composite  che serve per mantenere esterno dalla coperta il punto di mura dello spinnaker e di altre vele di prua non inferite
rotaia;N#1793;1;1;0.04;1.19;0.82;0.00;0.33;profilo metallico che serve come guida di scorrimento per un bozzello  un carrello  una manovra  ecc
semifinale;N#2102;1;1;0.04;1.19;0.82;0.00;0.33;
caravella;N#364;1;1;0.03;1.18;0.82;0.00;0.33;veliero leggero e veloce  usato soprattutto da portoghesi e spagnoli nei secoli xv e xvi  per la guerra e per il traffico
certificazione;N#238;1;2;1.00;1.16;0.82;-0.99;0.33;dichiarazione scritta rilasciata da autorità pubbliche in cui si attesta la realtà o la verità di un fatto
tecnologia;N#2137;2;2;1.00;1.16;0.82;-0.99;0.33;attività volta a creare congegni e macchinari
cabotaggio;N#208;1;1;0.33;1.15;0.82;-0.33;0.33;navigazione lungo le coste di porto in porto generalmente a scopo commerciale
traguardo;N#249;3;3;1.00;1.15;0.15;-0.33;0.33;punto che si vuole raggiungere
esportazione;N#2186;2;2;0.00;1.15;0.82;0.00;0.33;l insieme delle cose esportate
tuono;N#2525;1;1;0.00;1.15;0.82;0.00;0.33;fenomeno acustico causato dall onda d urto prodotta dalla violenta espansione dell aria in prossimità dei fulmini
velico;AG#730;3;1;0.00;1.15;0.82;0.00;0.33;che avviene per mezzo delle vele
coppa;N#2098;1;3;-0.01;1.14;0.82;0.00;0.33;
barografo;N#978;1;1;0.29;1.12;0.50;0.00;0.33;strumento che  collegato a un barometro  riporta su un rotolo di carta i valori della pressione atmosferica nel tempo  sotto forma di diagramma anch esso può essere sia meccanico che elettronico
bordeggio;N#878;1;1;-0.03;1.12;0.82;0.00;0.33;traiettoria a zigzag che un veliero deve seguire per risalire il vento un buon bordeggio permette di fare un cammino più breve o di coprire una distanza con maggior velocità
bastimento;N#2347;1;1;1.00;1.12;0.12;-0.33;0.33;nave per passeggeri o da carico di grandi dimensioni
naufragio;N#1523;1;1;1.00;1.11;0.44;-0.66;0.33;incidente marittimo per cui una nave affonda o va distrutta
noleggiare;V#315;2;2;1.00;1.11;0.11;-0.33;0.33;prendere in noleggio
imposizione;N#273;3;3;1.00;1.10;0.76;-0.99;0.33;le tasse  versamento di denaro dovuto dai cittadini allo stato
carenare;V#765;1;1;0.03;1.10;1.07;-0.33;0.33;mettere in secco la carena di una nave per operazioni di manutenzione eo riparazione
torneo;N#2101;1;3;-0.05;1.10;0.82;0.00;0.33;
azimut;N#926;1;1;-0.06;1.09;0.82;0.00;0.33;nella navigazione astronomica indica l arco di cerchio compreso tra il nord e la verticale dell astro stesso
messaggio;N#1445;1;1;0.00;1.09;0.76;0.00;0.33;la cosa comunicata
bolina;N#102;1;1;-0.07;1.08;0.82;0.00;0.33;"negli antichi velieri  venivano chiamate così le cime che servivano a tirare il più possibile verso prua il lato della vela dalla parte di entrata del vento  per navigare il più possibile vicino alla direzione del vento
"
fregata;N#554;3;3;1.00;1.08;0.41;-0.33;0.00;nave militare con compiti di scorta  con dislocamento fra 1650 e 7800 tonnellate
cala;N#196;2;2;1.00;1.08;0.41;-0.33;0.00;insenatura poco profonda adatta per l approdo e l ormeggio delle piccole imbarcazioni
ammiraglia;N#97;1;1;1.00;1.08;0.41;-0.33;0.00;nave dell ammiraglio
atollo;N#380;2;2;1.00;1.08;0.41;-0.33;0.00;grosso galleggiante
cacciatorpediniere;N#553;1;2;1.00;1.08;0.41;-0.33;0.00;nave militare
fine;N#2619;4;4;1.00;1.08;0.41;-0.33;0.00;l esito  la fine di qualcosa  condizione derivante da un fatto precedente
incrociatore;N#552;1;1;1.00;1.08;0.41;-0.33;0.00;nave militare
lanciamissili;N#560;1;1;1.00;1.08;0.41;-0.33;0.00;nave militare
posamine;N#562;1;1;1.00;1.08;0.41;-0.33;0.00;nave da guerra attrezzata per collocare mine in mare
sommergibile;N#566;1;1;1.00;1.08;0.41;-0.33;0.00;nave militare  destinata a navigare sott acqua
traghetto misto;N#548;1;1;1.00;1.08;0.41;-0.33;0.00;traghetto misto mercipasseggeri
bettolina;N#382;1;1;1.00;1.08;0.41;-0.33;0.00;galleggiante di ampie dimensioni
corazzata;N#557;1;1;1.00;1.08;0.41;-0.33;0.00;grande nave da battaglia
corvetta;N#558;1;1;1.00;1.08;0.41;-0.33;0.00;nave militare  attualmente non superiore alle 1000 tonnellate  per scorta ai convogli e caccia ai sommergibili
posareti;N#563;1;1;1.00;1.08;0.41;-0.33;0.00;nave militare adibita al trasporto e alla posa di ostruzioni  spec reti  a difesa di forze navali
rimorchiatore oceanico;N#549;1;1;1.00;1.08;0.41;-0.33;0.00;rimorchiatore che fa la spola con la piattaforma petrolifera
serrafila;N#565;2;2;1.00;1.08;0.41;-0.33;0.00;nave militare che viene per ultima in una formazione che va alla stessa velocità
vedetta;N#570;1;1;1.00;1.08;0.41;-0.33;0.00;nave militare piccola velocissima per la caccia ai sommergibili e la vigilanza costiera
temperatura;N#2508;1;1;0.03;1.08;0.72;0.00;0.33;
straorzare;V#330;1;1;1.00;1.07;0.07;-0.33;0.33;condurre la prua della nave oltre l orza
rugiada;N#2545;1;1;0.24;1.06;0.82;-0.33;0.33;precipitazione atmosferica formata da minuscole gocce d acqua in seguito alla condensazione del vapore acqueo dell aria a contatto con superfici che presentano temperature superiori a 0° c
girare;V#1976;3;2;0.16;1.05;0.23;0.00;0.66;far girare
eliminatoria;N#2099;1;1;-0.10;1.05;0.82;0.00;0.33;
passascotte;N#1542;1;1;-0.10;1.05;0.82;0.00;0.33;
pesce_angelo;N#2035;1;1;-0.10;1.05;0.82;0.00;0.33;
rinfuse;N#1974;1;1;-0.10;1.05;0.82;0.00;0.33;
racer;N#915;1;1;0.20;1.02;0.82;-0.33;0.33;termine inglese che designa una imbarcazione da competizione  sia a vela che a motore
andatura;N#76;1;2;1.00;1.01;1.66;-2.64;0.99;modo di navigare di una imbarcazione a vela
comandante;N#107;1;1;0.18;1.00;0.82;-0.33;0.33;ufficiale di qualsiasi grado che ha il comando di una nave  nella marina civile  è colui che ha la responsabilità giuridica della nave 
longitudine;N#1360;1;1;1.00;1.00;0.00;0.00;0.00;distanza di un luogo dal meridiano fondamentale  misurata in gradi
Morse;NP#290;1;1;1.00;1.00;0.00;0.00;0.00;inventore statunitense 17911872  dalle scoperte di ampère trasse spunto per l invenzione del telegrafo elettrico
rotta;N#216;1;1;1.00;1.00;0.00;0.00;0.00;percorso di una nave o di un mezzo aereo
urbe;N#2672;1;1;1.00;1.00;0.00;0.00;0.00;un centro abitato di dimensioni variabili dal medio al grande
vendere;V#939;1;1;1.00;1.00;0.00;0.00;0.00;cedere ad altri qc ricevendone il prezzo  commerciare anche assol
anemometro;N#77;1;1;1.00;1.00;0.00;0.00;0.00;strumento per misurare la velocità del vento
bruciato;AG#2122;1;1;1.00;1.00;0.00;0.00;0.00;detto della pelle troppo esposta al sole
meteoropatia;N#2577;1;1;1.00;1.00;0.00;0.00;0.00;complesso di disturbi legati a particolari condizioni atmosferiche
scia;N#1424;2;1;1.00;1.00;0.00;0.00;0.00;solco lasciato da un galleggiante in moto
Sebastiano_Caboto;NP#1252;1;1;1.00;1.00;0.00;0.00;0.00;navigatore venezia 1476londra 1557 figlio di giovanni
Argo;NP#96;5;3;1.00;1.00;0.00;0.00;0.00;nome della nave di giasone
armatore;N#79;1;1;1.00;1.00;0.00;0.00;0.00;la persona o la compagnia che arma una nave per usarla per viaggi o traffici mercantili  non necessariamente è il proprietario della nave
coltellaccio;N#665;2;2;1.00;1.00;0.00;0.00;0.00;tipo di vela a forma di trapezio
consegnatario;N#242;1;1;1.00;1.00;0.00;0.00;0.00;chi ha in consegna qualcosa
consumatore;N#602;2;2;1.00;1.00;0.00;0.00;0.00;chi acquista e consuma i prodotti dell industria per i propri fabbisogni
cotto;AG#2121;1;1;1.00;1.00;0.00;0.00;0.00;sottoposto a cottura
decreto;N#2057;2;2;1.00;1.00;0.00;0.00;0.00;atto del governo che stabilisce nuove norme amministrative
deriva;N#115;1;1;1.00;1.00;0.00;0.00;0.00;spostamento operato da una massa liquida in movimento
gas;N#2076;1;1;1.00;1.00;0.00;0.00;0.00;sostanza aeriforme
germogliare;V#2117;2;2;1.00;1.00;0.00;0.00;0.00;emettere getti o germogli
gettare;V#2115;3;3;1.00;1.00;0.00;0.00;0.00;allontanare  mandare al macero  roba rotta  vecchia  inservibile
gettare;V#2116;4;4;1.00;1.00;0.00;0.00;0.00;versare  far colare in uno stampo materiale fuso
gettare;V#2118;6;6;1.00;1.00;0.00;0.00;0.00;causare un cambiamento negativo  mettere in una condizione peggiore 
Giovanni_Caboto;NP#1250;1;1;1.00;1.00;0.00;0.00;0.00;navigatore 14201498 nato forse a genova
Giovanni_da_Verrazzano;NP#1251;1;1;1.00;1.00;0.00;0.00;0.00;navigatore firenze 14851528
impedimento;N#2125;1;1;1.00;1.00;0.00;0.00;0.00;impedimento non fisico 
intermediatore;N#263;1;1;1.00;1.00;0.00;0.00;0.00;chi fa da tramite tra due o più persone
lago;N#2620;1;1;1.00;1.00;0.00;0.00;0.00;massa d acqua circondata dalla terra
listino;N#261;1;1;1.00;1.00;0.00;0.00;0.00;elenco dei prezzi
mal_di_mare;N#1408;1;1;1.00;1.00;0.00;0.00;0.00;mal di mare
marina;N#2243;4;4;1.00;1.00;0.00;0.00;0.00;quadro raffigurante un paesaggio di mare
meteorologicamente;AV#2574;1;1;1.00;1.00;0.00;0.00;0.00;per quanto riguarda la meteorologia
meteorologico;AG#2575;1;1;1.00;1.00;0.00;0.00;0.00;relativo alla meteorologia
militare;AG#1977;1;1;1.00;1.00;0.00;0.00;0.00;attinente all arma o ai soldati
missiva;N#260;1;1;1.00;1.00;0.00;0.00;0.00;testo epistolare
movimento;N#2280;4;4;1.00;1.00;0.00;0.00;0.00;ciascuna parte  caratterizzata da un ritmo diverso  di una composizione musicale
Nave_Argo;NP#28;1;1;1.00;1.00;0.00;0.00;0.00;costellazione australe
percorrere;V#2687;2;2;1.00;1.00;0.00;0.00;0.00;percorrere una distanza
periplo;N#2686;2;2;1.00;1.00;0.00;0.00;0.00;nella letteratura grecolatina  descrizione di un viaggio marittimo
pesca;N#2027;4;4;1.00;1.00;0.00;0.00;0.00;tipo di lotteria
pescaia;N#2028;1;1;1.00;1.00;0.00;0.00;0.00;sbarramento collocato lungo il corso di un fiume
pesce;N#2034;3;3;1.00;1.00;0.00;0.00;0.00;il pesce commestibile usato come alimento
pesista;N#2043;1;1;1.00;1.00;0.00;0.00;0.00;atleta che pratica il sollevamento pesi
prendere;V#485;1;3;1.00;1.00;0.00;0.00;0.00;giungere in possesso di qualcosa
radio;N#213;2;2;1.00;1.00;0.00;0.00;0.00;apparecchio radiofonico
radio;N#214;3;4;1.00;1.00;0.00;0.00;0.00;sistema di trasmissione
ricevuta;N#266;1;1;1.00;1.00;0.00;0.00;0.00;tagliando che attesta un pagamento
riserva_marina;N#2585;1;1;1.00;1.00;0.00;0.00;0.00;area marina protetta spec per le sue caratteristiche ecologiche
ritardo;N#523;1;1;1.00;1.00;0.00;0.00;0.00;il tempo di cui si ritarda
ruotare;V#1770;1;1;1.00;1.00;0.00;0.00;0.00;muoversi in giro  ruotare intorno ad un asse o ad un punto
sagoma;N#524;1;1;1.00;1.00;0.00;0.00;0.00;linea di contorno di una cosa
sbarco;N#267;1;2;1.00;1.00;0.00;0.00;0.00;operazione di togliere il carico
scassa;N#1423;1;1;1.00;1.00;0.00;0.00;0.00;l alloggiamento del piede dell albero  nelle imbarcazioni a vela
scia;N#1425;1;2;1.00;1.00;0.00;0.00;0.00;traccia lasciata da qualcosa nell aria  sulla terra o nell acqua
soffiare;V#2582;3;3;1.00;1.00;0.00;0.00;0.00;detto del vento
statuizione;N#2058;1;1;1.00;1.00;0.00;0.00;0.00;deliberazione  ordine  decisione di un autorità
Stella Polare;NP#547;1;1;1.00;1.00;0.00;0.00;0.00;nave militare
tempo;N#2274;4;4;1.00;1.00;0.00;0.00;0.00;età  soprattutto quando riferita a bambini molto piccoli  gli anni
tempo;N#2278;10;10;1.00;1.00;0.00;0.00;0.00;caratteristica grammaticale dei verbi atta ad esprimere distinzioni temporali nell azione
transito;N#276;1;1;1.00;1.00;0.00;0.00;0.00;passaggio  il passare
velista;N#165;1;1;1.00;1.00;0.00;0.00;0.00;atleta degli sport della vela
Vittorio Veneto;NP#551;1;1;1.00;1.00;0.00;0.00;0.00;nave militare
Amerigo_Vespucci;NP#1254;1;1;1.00;1.00;0.00;0.00;0.00;navigatore firenze 1454siviglia 1512
committente;N#599;1;1;1.00;1.00;0.00;0.00;0.00;chi attraverso un commissionario fa acquisti o vendite di merci o di titoli
cotto;N#2124;2;2;1.00;1.00;0.00;0.00;0.00;mosto concentrato tramite bollitura
Cristoforo_Colombo;NP#1249;1;1;1.00;1.00;0.00;0.00;0.00;navigatore genova 1451valladolid 1506
gasolio;N#2077;1;1;1.00;1.00;0.00;0.00;0.00;liquido
imballo;N#258;2;2;1.00;1.00;0.00;0.00;0.00;l involucro usato per imballare
import;N#2183;2;2;1.00;1.00;0.00;0.00;0.00;l importare
marinaio;N#53;3;3;1.00;1.00;0.00;0.00;0.00;uomo di mare  esperto di mare
marinaio;N#54;4;4;1.00;1.00;0.00;0.00;0.00;nella marina mercantile  qualifica del personale di coperta maggiorenne e con almeno due anni di servizio
meteoropatico;AG#2578;1;1;1.00;1.00;0.00;0.00;0.00;che soffre di meteoropatia
minerale;N#2074;1;1;1.00;1.00;0.00;0.00;0.00;sostanza solida inorganica omogenea
mittente;N#487;1;1;1.00;1.00;0.00;0.00;0.00;chi invia una lettera  un pacco ecc  per posta  posta elettronica  corriere ecc
pescato;N#2029;1;1;1.00;1.00;0.00;0.00;0.00;quantità di pesce pescato
pescatore;N#2030;1;1;1.00;1.00;0.00;0.00;0.00;chi si dedica alla pesca per mestiere o per sport
pesce;N#2033;2;2;1.00;1.00;0.00;0.00;0.00;errore di stampa che consiste nel saltare una parola o una frase dell originale
provento;N#2189;1;1;1.00;1.00;0.00;0.00;0.00;denaro che risulta dalla differenza tra incassi e spese  ciò che si ottiene economicamente  profitto
reclamo;N#265;1;1;1.00;1.00;0.00;0.00;0.00;lamentanza
scartamento;N#525;1;1;1.00;1.00;0.00;0.00;0.00;distanza tra le rotaie
sommergibile;AG#567;1;1;1.00;1.00;0.00;0.00;0.00;che si può sommergere
Vancouver;NP#1253;1;1;1.00;1.00;0.00;0.00;0.00;navigatore inglese 17571798  sbarcò in nuova zelanda  australia e hawaii  giungendo fino alle coste del canada
inclinazione;N#633;2;2;1.00;1.00;0.00;0.00;0.00;posizione di un corpo quando forma un angolo rispetto a un piano di riferimento
direzione;N#1892;1;1;1.00;1.00;0.66;-0.99;0.33;luogo verso il quale ci si dirige
TIR;N#1879;2;2;0.91;0.99;0.41;-0.33;0.00;grande autotreno o autoarticolato abilitato e adibito al trasporto internazionale di merci
fasciame;N#1346;1;1;0.14;0.96;0.82;-0.33;0.33;tavole in legno o lamiere metalliche che ricoprono l ossatura e formano la superficie esterna dello scafo
unire;V#2641;1;1;0.86;0.96;0.76;-0.66;0.00;mettere insieme  fare che due o più cose diventino o appaiano una sola  avvicinandole o collegandole
cucire;V#753;1;1;-0.10;0.93;0.70;0.00;0.33;
condizione;N#2148;2;2;0.77;0.91;0.14;-0.66;0.66;modo di essere
cutter;N#370;1;1;0.09;0.91;0.82;-0.33;0.33;piccolo veliero originario dell inghilterra
passerella;N#1545;1;1;0.15;0.91;0.76;-0.33;0.33;tavola di legno o metallica utilizzata per collegare un natante ad una banchina o ad un secondo galleggiante
gomena;N#1519;1;1;0.08;0.90;0.82;-0.33;0.33;grossa cima di tessile ritorto  utilizzata nelle navi per gli ormeggi 
baglio;N#927;1;1;0.08;0.90;0.82;-0.33;0.33;trave che collega orizzontalmente le fiancate dell imbarcazione  per tutta la sua lunghezza e sostenendo il peso della coperta o ponte
istmo;N#1604;1;1;0.87;0.87;0.00;0.00;0.00;striscia di terra che unisce due continenti o una penisola a un continente e separa due mari
stagno;AG#797;1;1;0.87;0.87;0.00;0.00;0.00;che è a perfetta tenuta d acqua o d altro liquido  ermetico
salvagente;N#218;1;1;0.10;0.84;0.41;0.00;0.33;giubbotto contenente materiale galleggiante da indossare in navigazione
alaggio;N#798;2;1;0.35;0.83;0.16;0.00;0.33;manovra di traino di un imbarcazione lungo fiumi  canali  bacini  ecc  mediante un cavo
barometro;N#977;1;1;0.62;0.83;0.22;-0.33;0.33;strumento meccanico o elettronico per la misura della pressione atmosferica
fuso;N#1388;1;1;0.00;0.82;0.82;-0.33;0.33;parte centrale e rettilinea dell ancora  alle cui estremità si trovano da una parte la cicala e dall altra le marre
marra;N#669;1;1;0.00;0.82;0.82;-0.33;0.33;uno dei di solito due bracci curvi dell ancora 
nave_da_pesca;N#29;1;1;1.00;0.81;0.14;-0.66;0.33;imbarcazione o nave attrezzata per la pesca
consegna;N#243;1;1;1.00;0.79;0.45;-0.99;0.33;atto del consegnare
drizza;N#1405;1;1;-0.04;0.78;0.82;-0.33;0.33;"cima o cavo d acciaio utilizzato per alzare drizzare al loro posto vele  bandiere
o altri sistemi di coperta 
"
traghetto;N#445;1;2;-0.10;0.78;0.88;-0.66;0.66;imbarcazione usata per traghettare
portuale;N#129;1;1;0.16;0.78;0.29;0.00;0.33;
radiotelegrafista;N#809;1;1;0.16;0.78;0.29;0.00;0.33;
sbarcare;V#617;1;1;0.78;0.78;0.00;0.00;0.00;scendere a terra da una imbarcazione 
bilancella;N#1922;1;1;0.10;0.77;0.34;0.00;0.33;piccola imbarcazione da pesca  usata soprattutto in sicilia e attrezzata con un albero a vela latina e un fiocco 
trasferire;V#447;1;2;-0.05;0.76;1.14;-0.66;0.33;
pagaia;N#1538;1;1;0.18;0.75;0.24;0.00;0.33;remo con le due estremità a pala  che si maneggia tenendolo al centro con entrambe le mani si usa sulle canoe e su altri natanti di tipo fluviale o balneare
chiatta;N#381;1;1;1.00;0.75;0.41;-0.66;0.00;grosso galleggiante a fondo piatto
spinnaker;N#1733;1;1;0.36;0.75;0.06;0.00;0.33;vela di prua di grande superficie e di tessuto leggero  viene usata con venti portanti  dal traverso fino al fil di ruota  la progenitrice di questa vela fu alzata per la prima volta su uno yacht britannico nel 1865
bulbo;N#1010;1;2;0.00;0.74;0.41;0.00;0.33;"pesante siluro  normalmente in piombo  collocato il più in basso possibile solidarmente alla chiglia  per aumentare il momento raddrizzante dell imbarcazione sotto vela
"
alta marea;N#744;1;1;-0.10;0.74;0.51;0.00;0.33;punto massimo della marea crescente 
bassa marea;N#745;1;1;-0.10;0.74;0.51;0.00;0.33;punto minimo della marea calante
squero;N#2706;1;1;-0.06;0.74;0.47;0.00;0.33;piccolo cantiere in cui un tempo la gondola veniva costruita e ricoverata in rimessaggio
galleggiamento;N#1501;1;2;-0.10;0.73;0.50;0.00;0.33;lo stare a galla
speronare;V#1875;1;1;0.72;0.72;0.00;0.00;0.00;colpire un altra nave con lo sperone o con la prora  incidentalmente o durante un azione di guerra
nolo;N#820;3;1;0.22;0.72;0.50;-0.33;0.33;il noleggiare
buttafuori;N#892;1;2;-0.10;0.72;0.82;-0.33;0.33;genericamente qualunque asta che tenga spinto verso l esterno dello scafo un qualsiasi oggetto  tipicamente una vela o una scotta
umidità;N#2530;1;1;-0.10;0.68;0.45;0.00;0.33;presenza di acqua o di vapore acqueo nell atmosfera
bagala;N#65;1;1;1.00;0.67;0.00;-0.33;0.00;barcone a vela  con la poppa rotonda e la pruna rasa slanciata  in uso nel mar rosso e sul nilo
accone;N#59;1;1;1.00;0.67;0.00;-0.33;0.00;solido barcone lungo e quadrato  già usato per trasportare a bordo  rimorchiandolo  il carico e l’armamento
acido;N#2176;1;1;1.00;0.67;0.00;-0.33;0.00;sostanza solida  liquida o gassosa che in soluzione libera cationi idrogeno
aliseo;N#840;1;1;1.00;0.67;0.00;-0.33;0.00;vento costante che spira tutto l anno tra i due tropici e l equatore
darsena;N#112;1;1;1.00;0.67;0.00;-0.33;0.00;parte interna del porto  dove le navi vengono riparate o custodite
deserto;N#2625;1;1;1.00;0.67;0.00;-0.33;0.00;luogo sabbioso e caldissimo tipico di alcune regiorni africane  asiatiche e americane
mano;N#1377;1;3;1.00;0.67;0.00;-0.33;0.00;quantità di materiale steso in modo uniforme su una superficie
marmo;N#2049;1;1;1.00;0.67;0.00;-0.33;0.00;calcare di vario colore che deve la sua struttura a fenomeni di metamorfismo
navetta;N#32;1;2;1.00;0.67;0.00;-0.33;0.00;veicolo che percorre continuamente nei due sensi lo stesso percorso
paese;N#2671;1;1;1.00;0.67;0.00;-0.33;0.00;territorio con un governo sovrano e una propria organizzazione politica e amministrativa
provino;N#594;1;2;1.00;0.67;0.00;-0.33;0.00;una piccola parte di qualcosa intesa come rappresentativa del tutto
tempo;N#2277;7;7;1.00;0.67;0.00;-0.33;0.00;parte di uno spettacolo o di una manifestazione sportiva
tiunia;N#537;1;1;1.00;0.67;0.00;-0.33;0.00;battello piatto  senza chiglia  di origine cinese  usato in malesia
trabaccolo;N#533;1;1;1.00;0.67;0.00;-0.33;0.00;piccolo bastimento mercantile da carico  a 2 alberi verticali con vele  è in uso nell adriatico
tramoggia;N#534;1;2;1.00;0.67;0.00;-0.33;0.00;grossa barca in ferro con camere d aria e con 24 porte nella carena
annegare;V#2584;1;1;1.00;0.67;0.00;-0.33;0.00;morire per soffocamento in acqua o altro liquido
benzina;N#2177;1;1;1.00;0.67;0.00;-0.33;0.00;liquido trasparente  volatile  infiammabile ottenuto dal petrolio
carboniere;N#168;1;1;1.00;0.67;0.00;-0.33;0.00;piccolo bastimento per il trasporto del carbone
cemento;N#2108;1;1;1.00;0.67;0.00;-0.33;0.00;materiale per costruzione  ottimamente resistente alla compressione
commissione;N#241;1;3;1.00;0.67;0.00;-0.33;0.00;compenso richiesto dalle banche per alcune operazioni
fare;V#1469;1;9;1.00;0.67;0.00;-0.33;0.00;lasciare uscire o entrare  detto specialmente di liquidi
abbrivio;N#179;1;3;1.00;0.67;0.00;-0.33;0.00;impulso iniziale dato ad un veicolo
sigla;N#2206;1;3;1.00;0.67;0.00;-0.33;0.00;parola formata dalle lettere iniziali di altre parole
aereo;N#2610;1;1;1.00;0.67;0.00;-0.33;0.00;velivolo a motore impiegato per il trasporto di passeggeri e di merci
affondamento;N#2581;2;2;1.00;0.67;0.00;-0.33;0.00;il mandare a fondo  lo spingere qc sotto l acqua
albatrosso;N#62;1;1;1.00;0.67;0.00;-0.33;0.00;tipo di nave inventata  verso la fine del ‘400  da mastro giovanni dell’arsenale di pisa
appoggio;N#64;1;7;1.00;0.67;0.00;-0.33;0.00;veliero usato per la pesca con lo scafandro
avvisatore;N#80;1;1;1.00;0.67;0.00;-0.33;0.00;chi avvisa
bordo;N#82;1;1;1.00;0.67;0.00;-0.33;0.00;fianco della nave o di qualsiasi imbarcazione
buttare;V#2114;1;1;1.00;0.67;0.00;-0.33;0.00;far cadere verso il basso
caicco;N#167;1;1;1.00;0.67;0.00;-0.33;0.00;battello a remi  leggero e sottile  usato sul bosforo per il trasporto delle persone e  la gondola del bosforo
calcestruzzo;N#2112;1;1;1.00;0.67;0.00;-0.33;0.00;materiale da costruzione
cessione;N#597;1;1;1.00;0.67;0.00;-0.33;0.00;atto del cedere qualcosa a qualcuno  trasferendone la proprietà
clausola;N#598;1;1;1.00;0.67;0.00;-0.33;0.00;disposizione di contenuto autonomo inserita in un atto giuridico
commodoro;N#2242;1;1;1.00;0.67;0.00;-0.33;0.00;nelle marine anglosassoni  ufficiale che assume il comando di una divisione navale
continente;N#2623;2;2;1.00;0.67;0.00;-0.33;0.00;terraferma  parte emersa di un continente
detrazione;N#2646;4;4;1.00;0.67;0.00;-0.33;0.00;riduzione di una somma da pagare
dirigere;V#763;1;2;1.00;0.67;0.00;-0.33;0.00;esercitare un potere
fare;V#1473;2;15;1.00;0.67;0.00;-0.33;0.00;procacciarsi  ottenere
gettare;V#2113;1;1;1.00;0.67;0.00;-0.33;0.00;far cadere qualcosa  con impeto e con forza  lontano da sé
granito;N#2078;1;1;1.00;0.67;0.00;-0.33;0.00;roccia cristallina
latitudine;N#1361;1;2;1.00;0.67;0.00;-0.33;0.00;linea immaginaria che percorre il globo parallelamente all equatore
naufrago;N#1524;1;1;1.00;0.67;0.00;-0.33;0.00;persona caduta in mare o superstite da un naufragio
noleggiare;V#314;1;1;1.00;0.67;0.00;-0.33;0.00;dare in noleggio
olio;N#2178;1;1;1.00;0.67;0.00;-0.33;0.00;prodotto liquido di varia natura
ostro;N#997;1;1;1.00;0.67;0.00;-0.33;0.00;vento umido e caldo proveniente da sud
parco_naturale;N#2622;1;1;1.00;0.67;0.00;-0.33;0.00;territorio protetto
pesca;N#2026;1;2;1.00;0.67;0.00;-0.33;0.00;il pescare
pistola;N#1341;1;1;1.00;0.67;0.00;-0.33;0.00;arma da fuoco corta  che si maneggia con una sola mano
privilegio;N#614;1;2;1.00;0.67;0.00;-0.33;0.00;diritto  vantaggio speciale
salvare;V#742;1;1;1.00;0.67;0.00;-0.33;0.00;mettere in salvo
snodo;N#1765;1;1;1.00;0.67;0.00;-0.33;0.00;snodatura che permette a due pezzi di muoversi con coesione
sottostare;V#2130;1;1;1.00;0.67;0.00;-0.33;0.00;essere soggetto
studio;N#518;5;5;1.00;0.67;0.00;-0.33;0.00;locali in cui si lavora
tempo;N#2275;5;5;1.00;0.67;0.00;-0.33;0.00;intervallo di una certa durata che occorre per fare un azione
thalac;N#538;1;1;1.00;0.67;0.00;-0.33;0.00;piccolo bastimento indiano
unità;N#520;1;6;1.00;0.67;0.00;-0.33;0.00;elemento distinto  autonomo  non scomponibile
valersi;V#2021;1;1;1.00;0.67;0.00;-0.33;0.00;servirsi  avvalersi di qualcosa per un certo scopo
veleggiatore;N#72;1;1;1.00;0.67;0.00;-0.33;0.00;imbarcazione a vela
annegare;V#2579;2;2;1.00;0.67;0.00;-0.33;0.00;far morire per annegamento
bolletta;N#592;1;1;1.00;0.67;0.00;-0.33;0.00;ricevuta di un pagamento
carabottino;N#1333;1;1;1.00;0.67;0.00;-0.33;0.00;graticolato usato come pavimento per le zone in cui si vuole che l acqua passi e scorra via
condizione;N#601;1;3;1.00;0.67;0.00;-0.33;0.00;circostanza richiesta all interno di un patto  condizioni previste da un accordo
deserto;N#2626;2;2;1.00;0.67;0.00;-0.33;0.00;luogo poco abitato o desolato
dragone;N#70;1;2;1.00;0.67;0.00;-0.33;0.00;imbarcazione a vela da regata
fare scalo;V#1475;1;1;1.00;0.67;0.00;-0.33;0.00;sostare in un porto  o in un ancoraggio
imballo;N#257;1;1;1.00;0.67;0.00;-0.33;0.00;l imballare
mappa;N#1134;1;2;1.00;0.67;0.00;-0.33;0.00;rappresentazione grafica di zone della superficie della terra  rappresentazione grafica in scala di zone della superficie della terra
contrarre;V#1773;2;2;1.00;0.67;0.00;-0.33;0.00;rendere di minori dimensioni
saccoleva;N#532;1;1;1.00;0.67;0.00;-0.33;0.00;piccolo veloce bastimento  da 3060 ton  con saccoleva  trinchetto quadro  e uno o due fiocchi usato nell arcipelago greco
star;N#71;1;1;1.00;0.67;0.00;-0.33;0.00;imbarcazione a vela da regata
trambai;N#535;1;1;1.00;0.67;0.00;-0.33;0.00;vaporetto in sevizio in venezia e nei dintorni vocabolo introdotto sul finire del xix secolo
velame;N#135;1;2;1.00;0.67;0.00;-0.33;0.00;l insieme delle vele di una imbarcazione  complesso delle vele di un imbarcazione
topo;N#536;1;2;1.00;0.67;0.00;-0.33;0.00;barchetta chioggiotta con la quale i pescatori trasportano il pesce ai luoghi di destinazione  a fondo piatto  con murate quasi verticali nella parte centrale e con prua slanciata
tribordo;N#712;1;1;0.67;0.67;0.00;0.00;0.00;lato destro di un imbarcazione
impiombare;V#2640;1;1;-0.04;0.66;0.70;-0.33;0.33;"unire due cavi intrecciandoli alle estremità per i legnoli
"
burchiello;N#1923;1;1;-0.02;0.65;0.34;0.00;0.33;piccola barca a fondo piatto pwer trasporti fluviali  lagunari o lacustri
cucina;N#1370;1;1;0.23;0.64;0.08;0.00;0.33;locale dell imbarcazione dove si conservano e si cucinano gli alimenti 
baricentro;N#979;1;1;0.31;0.64;0.00;0.00;0.33;in un corpo o sistema di corpi  punto di applicazione della forza di gravitazione 
scotta;N#894;1;1;0.14;0.63;0.82;-0.66;0.33;cima utilizzata per bordare e regolare le vele cazzare e lascare questa cima è fissata all angolo di scotta che è libero di orientarsi secondo il vento
aliscafo;N#63;1;1;0.16;0.63;0.14;0.00;0.33;imbarcazione a motore che naviga planando su alip oste ai lati dello scafo raggiungendo altissime velocità
muovere;V#1430;1;2;0.91;0.63;0.38;-0.99;0.33;togliere una cosa dal posto in cui si trova
accostata;N#575;1;1;0.46;0.61;0.16;-0.33;0.33;spostamento della prua per effetto del timone
ancora;N#73;1;1;1.00;0.60;1.58;-2.64;0.66;pesante arnese di ferro o acciaio che  facendo presa sul fondo  serve all ormeggio di un imbarcazione
albero di trasmissione;N#844;1;2;0.60;0.60;0.00;0.00;0.00;albero che trasmette il moto generato dal motore all elica
disciplina;N#2711;1;1;0.92;0.59;0.00;-0.33;0.00;complesso organico e sistematico delle conoscenze che si posseggono intorno a un certo argomento
tonneggio;N#1908;1;1;0.42;0.58;0.16;-0.33;0.33;manovra con cui si sposta una nave da un punto d ormeggio ad un altro
gozzo;N#374;1;1;-0.10;0.57;0.34;0.00;0.33;barca con la quale i pescatori di tonni fanno la guardia sopra il bordonaro  per osservare quando vengono i tonni
allineamento;N#845;1;3;0.53;0.53;0.00;0.00;0.00;linea che congiunge due punti fissi in mare o sulla costa  utilizzati per dare alle imbarcazioni percorsi sicuri  ad esempio per entrare in un ancoraggio o in un canale
atollo;N#2665;1;1;0.12;0.53;0.41;0.00;0.00;isola composta da una particolare formazione di terra emersa e lagune
varare;V#228;1;1;0.12;0.52;0.07;0.00;0.33;far discendere una nave in mare da un apposito bacino  oppure mettere in mare un imbarcazione con l ausilio di una slitta o di una gru
costeggiare;V#662;1;1;0.29;0.51;0.22;-0.33;0.33;navigare senza allontanarsi dalla costa
gavitello;N#101;1;1;0.39;0.47;0.41;-0.33;0.00;galleggiante di segnalazione di varia forma solidamente ancorato al fondale utilizzato specie per l ormeggio delle imbarcazioni  o nelle gare nautiche 
naufragare;V#1522;1;1;-0.04;0.46;0.50;-0.33;0.33;"detto di imbarcazione  affondare in mare  detto di persone imbarcate  fare naufragio  a causa di danni prodotti dal mare in tempesta o da altri tipi di sinistro urti  incendi  etc 
"
pilotina;N#541;1;1;-0.02;0.45;0.14;0.00;0.33;
piroga;N#542;1;1;-0.02;0.45;0.14;0.00;0.33;
sandolino;N#544;1;1;-0.02;0.45;0.14;0.00;0.33;
spedizioniere;N#234;1;1;0.16;0.45;0.29;-0.33;0.33;
murata;N#459;1;1;0.44;0.44;0.00;0.00;0.00;parete laterale di nave o imbarcazione  dalla linea di galleggiamento alla battagliola e  la parte emersa della fiancata
carico;N#232;1;1;1.00;0.44;0.76;-1.65;0.33;quanto si carica su qualcosa
andare_via;V#2269;1;1;0.76;0.43;0.00;-0.33;0.00;allontanarsi da un luogo per recarsi altrove
trave;N#1766;1;1;1.00;0.40;0.06;-0.99;0.33;elemento delle costruzioni costituito da un tronco d albero squadrato o da analoghe strutture in acciaio o cemento armato
solcometro;N#1729;1;1;0.39;0.39;0.00;0.00;0.00;strumento per misurare la velocità delle imbarcazioni
fiume;N#1481;1;1;0.38;0.38;0.00;0.00;0.00;corso d acqua dolce di consistente dimensione spesso navigabile
bagnasciuga;N#1995;2;2;0.71;0.38;0.00;-0.33;0.00; striscia di spiaggia su cui si infrangono le onde
fiocco;N#353;1;4;0.32;0.37;0.06;-0.33;0.33;vela triangolare che si alza a pruavia dell albero verticale di prora
scandagliare;V#904;1;2;-0.04;0.37;0.08;0.00;0.33;misurare la profondità delle acque per l ancoraggio o in navigazione
abbisciare;V#176;1;1;0.30;0.37;0.06;-0.33;0.33;"avvolgere un cavo od una catena  ad ampie spire  in modo che possano svolgersi liberamente e scorrere senza impedimenti 
"
navigabilità;N#37;1;1;-0.14;0.36;0.50;-0.33;0.33;
affiorare;V#1820;1;1;0.36;0.36;0.00;0.00;0.00;l apparire in superficie di un qualsiasi oggetto immerso nell acqua
navigare;V#2688;2;3;0.68;0.35;0.00;-0.33;0.00;"muoversi all interno di un ipertesto scegliendo un itinerario navigare in internet
"
stazione;N#270;1;1;1.00;0.34;0.00;-0.66;0.00;complesso di edifici e di impianti in cui si svolgono tutte le operazioni relative al movimento di merci e passeggeri
sponda;N#1996;1;1;1.00;0.34;0.00;-0.66;0.00;striscia di terra che costeggia le acque di un mare  lago o fiume
salvamento;N#741;1;1;1.00;0.34;0.00;-0.66;0.00;complesso di operazioni per salvarechi è in pericolo
avaria;N#237;1;1;1.00;0.34;0.00;-0.66;0.00;danno che riguarda la nave o il suo carico
comando;N#762;1;1;1.00;0.34;0.00;-0.66;0.00;l atto del comandare
fase;N#2571;1;2;1.00;0.34;0.00;-0.66;0.00;in astron ognuno degli aspetti che assume un astro a seconda della sua posizione rispetto al sole e alla terra
marinaro;N#52;2;2;1.00;0.34;0.00;-0.66;0.00;chi presta servizio militare in marina senza alcun grado
navigatore;N#41;1;1;1.00;0.34;0.00;-0.66;0.00;uomo di mare
olimpiade;N#2082;1;1;1.00;0.34;0.00;-0.66;0.00;manifestazione sportiva che si svolge ogni quattro anni
nautica;N#1525;1;1;1.00;0.34;0.00;-0.66;0.00;arte e tecnica della navigazione
ammanco;N#589;1;1;0.33;0.33;0.00;0.00;0.00;somma di denaro mancante per un errore contabile o per appropriazione indebita
Amerigo Vespucci;NP#550;2;1;0.33;0.33;0.00;0.00;0.00;veliero e nave scuola militare  fu varata il 22 febbraio 1931  a castellammare di stabia con essa la marina militare italiana effettua le campagne addestrative degli allievi ufficiali
portolano;N#1666;1;1;0.33;0.33;0.00;0.00;0.00;libro che elenca i porti di una regione e ne descrive le coste i fondali i venti e le correnti  indispensabile per la navigazione
abbonacciare;V#1818;1;2;0.32;0.32;0.00;0.00;0.00;il calmarsi del mare e del vento
informazione;N#2398;1;1;0.00;0.32;0.32;-0.33;0.33;elemento o dato che permette di venire a conoscenza di qcs  notizia chiedere un informazione a qcn  dare  fornire informazioni riservate  scambio di informazioni  trovare una buona fonte di informazioni  informazioni per l utente  per i passeggeri
avvistare;V#621;1;1;0.32;0.32;0.00;0.00;0.00;scorgere qualcosa da lontano in mare
abbattere;V#1871;1;8;0.18;0.32;0.13;-0.33;0.33;far ruotare la nave alla fonda per mettere alla vela o riprendere il cammino
stiva;N#221;1;1;-0.10;0.31;0.08;0.00;0.33;nelle navi è lo spazio destinato al carico delle merci
isobara;N#1607;1;1;0.31;0.31;0.00;0.00;0.00;curva che  sulle carte metero  unisce i punti di uguale pressione atmosferica 
infrastruttura;N#2011;1;1;0.31;0.31;0.00;0.00;0.00;insieme degli impianti e delle installazioni che permettono l espletamento di un servizio
avvolgere;V#975;1;3;0.08;0.31;0.23;-0.33;0.33;arrotolare le vele  sia per stivarle che per disporle attorno a un sistema di coperta
cantiere;N#717;1;1;0.57;0.29;0.38;-0.66;0.00;luogo  area in cui si trovano gli stabilimenti  impianti e macchine per la costruzione  l allestimento e il raddobbo delle navi
trireme;N#1955;1;1;0.17;0.29;0.12;-0.33;0.33;antica nave da guerra greca e fenicia
cabina;N#1059;1;3;0.20;0.29;0.08;-0.33;0.33;"piccola camera di un imbarcazione  dotata di letti o cuccette
"
carteggio;N#779;1;3;0.62;0.29;0.00;-0.33;0.00;procedimento per tracciare e seguire una rotta sulle carte nautiche 
abbrumare;V#2694;1;1;0.28;0.28;0.00;0.00;0.00;detto della carena lignea delle navi  corrodersi a causa di piante e molluschi marini che vi atteschiscono
astrolabio;N#2150;1;1;0.60;0.27;0.00;-0.33;0.00;antico strumento usato dai naviganti per determinare l altezza di un astro ull orizzonte  oggi sostituito dal sestante
scala;N#2081;1;5;0.52;0.26;0.08;-0.66;0.33;"nel linguaggio scientifico e tecnico  successione di valori convenzionali che misurano l intensità di un fenomeno
"
aereo;AG#2612;2;1;0.26;0.26;0.00;0.00;0.00;pieno d aria
sicuro;AG#2681;2;4;0.26;0.26;0.00;0.00;0.00;che non comporta pericoli
radiogoniometro;N#1739;1;1;0.25;0.25;0.00;0.00;0.00;strumento in grado di rilevare le onde radio emesse da un radiofaro  per rilevare da bordo la direzione di un radiofaro e quindi ottenere informazioni utili per la navigazione costiera
diamante;N#1385;1;2;0.58;0.25;0.00;-0.33;0.00;parte terminale del fuso dell ancora dal quale si dipartono le marre 
abbittare;V#577;1;1;0.56;0.23;0.00;-0.33;0.00;legare un cavo o una catena a una bitta
lino;N#724;1;2;0.56;0.23;0.00;-0.33;0.00;fibra tessile ricavata dalla pianta del lino
idrostatica;N#1569;1;1;0.23;0.23;0.00;0.00;0.00;"branca della fisica che studia il comportamento dei corpi immersi e le relative caratteristiche di galleggiabilità
"
trimarano;N#946;1;1;0.08;0.23;0.14;-0.33;0.33;imbarcazione a vela formata da uno scafo centrale e due laterali più piccoli  paralleli e simmetrici  uniti con traverse metalliche o in vetroresina  allo scafo centrale
fortunale;N#2094;2;2;0.15;0.23;0.41;-0.33;0.00;raro  gravissime devastazioni  onde enormi ed alte  che possono nascondere navi di media stazza  ridotta visibilità velocità del vento 103117 km orari grado 11 della scala beaufort
canapa;N#723;1;2;0.55;0.22;0.00;-0.33;0.00;fibra tessile che si ricava dalla pianta usata per fabbricare cavi e  in passato  anche vele
vela;N#131;1;1;0.07;0.22;2.80;-4.62;1.98;ciascuno dei teli disposti verticalmente a bordo dei velieri in modo da ricevere la pressione del vento per utilizzarla come forza motrice
idrodinamica;N#1564;1;1;0.22;0.22;0.00;0.00;0.00;branca della fisica che studia il moto dell acqua e l effetto prodotto dal movimento dei corpi immersi
importuoso;AG#1860;1;1;0.22;0.22;0.00;0.00;0.00;che manca di porti o non offre buoni approdi
ponte;N#384;1;4;0.12;0.22;0.76;-0.99;0.33;ognuno di piani orizzontali che dividono l interno delle navi nel senso dell altezza  nelle imbarcazioni da diporto spesso il termine ponte coincide con coperta
idrovolante;N#1571;1;1;0.21;0.21;0.00;0.00;0.00;"velivolo a fondo piatto  spesso dotato di scarponi galleggianti laterali  adatto all atterraggio e decollo in mare 
"
idrografia;N#1565;1;2;0.20;0.20;0.00;0.00;0.00;"scienza del rilevamento e della rappresentazione grafica  su carte ad uso dei naviganti  delle coste  dei mari e delle acque interne
"
golfo;N#1518;1;1;0.12;0.20;0.41;-0.33;0.00;"insenatura di grandi dimensioni  che talvolta contiene insenature minori cale  baie 
etc 
"
stecca;N#1746;1;3;0.20;0.20;0.00;0.00;0.00;"lama o profilato plastico di diversa forma e sezione che  inserito nel lato di balumina della randa  contribuisce a mantenerla distesa
"
commettere;V#2181;3;3;0.52;0.19;0.00;-0.33;0.00;ordinare una merce
governare;V#2721;2;1;0.19;0.19;0.00;0.00;0.00;reggere  guidare esercitando il potere politico e amministrativo di uno stato
Sahara;NP#2627;1;1;0.19;0.19;0.00;0.00;0.00;deserto sabbioso
timoniere;N#947;1;1;-0.10;0.19;0.29;-0.33;0.33;persona addetta alla manovra della barra o della ruota del timone
estintore;N#1466;1;1;0.18;0.18;0.00;0.00;0.00;"recipiente metallico che contiene gas  polvere o schiuma sotto pressione atta a spegnere il fuoco 
"
base;N#877;1;13;0.51;0.18;0.00;-0.33;0.00;lato inferiore della vela
madiere;N#1342;1;1;0.18;0.18;0.00;0.00;0.00;"zona inferiore della costola parte del quinto o ordinata dello scafo  che si incastra nella chiglia
"
bugliolo;N#891;1;1;0.17;0.17;0.00;0.00;0.00;nome marinaro per recipienti a forma di secchio
ridosso;N#1772;1;1;0.16;0.16;0.00;0.00;0.00;terra emersa abbastanza alta da costituire un riparo dalla forza del mare e del vento un isola  una montagna  etc
abbuono;N#731;1;1;0.16;0.16;0.00;0.00;0.00;compenso di tempo concesso a barche a vela di caratteristiche  e dimensioni diverse che corrono in una stessa regata per permettere loro di correre in una condizione di parità
isoterma;N#1605;1;1;0.16;0.16;0.00;0.00;0.00;"curva che  su particolari carte  unisce i punti di uguale temperatura rilevata o prevista 
"
arare;V#864;1;2;0.16;0.16;0.00;0.00;0.00;si dice dell ancora quando non sta ben aggrappata al fondo
piroscafo;N#2348;1;1;0.04;0.15;0.12;-0.33;0.33;nave mercantile a vapore  usata spec in passato per il trasporto di merci e passeggeri
igrometro;N#1572;1;1;0.15;0.15;0.00;0.00;0.00;"strumento misuratore dell umidità relativa dell aria  tarato da 0 a 100 
"
quadrante;N#1664;1;2;0.14;0.14;0.00;0.00;0.00;ciascuno dei quattro settori di 90° compresi tra i quattro punti cardinali nella rosa della bussola  e di conseguenza nell orizzonte marino
scaricare;V#448;1;1;0.80;0.14;0.00;-0.66;0.00;
comperare;V#940;1;2;0.14;0.14;0.00;0.00;0.00;ottenere in proprietà dando del denaro
virata;N#1685;1;1;-0.02;0.14;0.16;-0.33;0.33;azione del virare
abbandonare;V#722;1;3;0.13;0.13;0.00;0.00;0.00;l atto di lasciare la nave in pericolo da parte del capitano e dell equipaggio
armamento;N#78;1;4;0.79;0.13;0.00;-0.66;0.00;il complesso dei materiali e degli uomini occorrenti a mettere una nave in condizioni di navigare
foschia;N#1493;1;1;0.05;0.13;0.41;-0.33;0.00;"stato opaco dell atmosfera  diverso dalla nebbia  e frequente anche con bel tempo e  spesso dovuto a differenze di temperatura tra zone contigue
"
bugna;N#890;1;1;0.45;0.12;0.00;-0.33;0.00;angolo di una vela nelle moderne vele triangolari  le bugne sono tre b di penna  b di mura  b di scotta
tronco;N#2197;1;1;0.45;0.12;0.00;-0.33;0.00;fusto eretto e legnoso degli alberi e degli arbusti da cui si dipartono i rami
ormeggiare;V#202;1;1;0.78;0.12;0.00;-0.66;0.00;legare l imbarcazione a terra o ad uno o più punti di presa con ancore  cavi o catene  allo scopo di trattenerla e di sottrarla ai movimenti che gli imprimerebbe il vento  la corrente ed il moto ondoso 
cellulosa;N#2196;1;1;0.44;0.11;0.00;-0.33;0.00;composto organico solido e fibroso  presente in natura come componente delle pareti cellulari delle piante od ottenuto industrialmente  usato come materia prima spec nell industria cartaria e tessile
nebbia;N#1527;1;1;1.00;0.09;0.41;-1.32;0.00;fenomeno atmosferico consistente in massa di goccioline minutissime di acqua in sospensione nell atmosfera
goletta;N#1517;1;1;-0.03;0.08;0.12;-0.33;0.33;veliero a due alberi di trinchetta e di maestra con vele auriche e bompresso
numero;N#2724;2;5;0.41;0.08;0.00;-0.33;0.00;numero  massa  grandezza di qcs quantità di denaro  di merci  di energia
manifestazione;N#2134;1;2;0.00;0.08;0.41;-0.33;0.00;
amperometro;N#1652;1;1;0.41;0.08;0.00;-0.33;0.00;strumento per misurare l intensità della corrente elettrica
imbarcare;V#616;1;1;0.16;0.08;0.25;-0.33;0.00;caricare o prendere a bordo di una nave o di un imbarcazione in genere cose persone animali
pontone;N#378;1;1;0.32;0.07;0.41;-0.66;0.00;grosso e robusto galleggiante a fondo piatto usato un tempo per traghettare i passeggeri e oggi per trasporto di grossi pesi
pireliometro;N#2553;1;1;0.39;0.06;0.00;-0.33;0.00;"strumento per la misura della radiazione solare diretta
"
abbrivare;V#1870;1;1;0.71;0.05;0.00;-0.66;0.00;mettere in moto  far acquistare velocità
barbariccio;N#1925;1;1;0.37;0.04;0.00;-0.33;0.00;piccola barca a remi usata in sardegna per la pesca dei tonni
psicrometro;N#2538;1;1;0.37;0.04;0.00;-0.33;0.00;strumento che misura l’umidità relativa dell’aria mediante la valutazione della differenza nelle letture di due termometri affiancati  uno a secco e l altro avvolto da una garza imbevuta di acqua
abbrivio;N#177;2;1;0.69;0.03;0.00;-0.66;0.00;moto progressivo iniziale di una imbarcazione dovuta alla sua propulsione o ad altri fattori esterni  quali il vento o la corrente
risacca;N#1788;1;1;0.35;0.02;0.00;-0.33;0.00;moto di ritorno impresso a un onda da un ostacolo contro cui urta scogli  moli  ecc
betta;N#1933;1;1;-0.10;0.02;0.12;-0.33;0.33;piccola nave sussidiaria della marina militare
vaporetto;N#573;1;1;-0.10;0.02;0.12;-0.33;0.33;piccola nave a vapore o a motore 
brezza;N#105;1;2;1.00;0.01;0.00;-0.99;0.00;vento tipico delle coste che spira mattina e sera in direzioni opposte
cassa;N#596;1;1;1.00;0.01;0.00;-0.99;0.00;recipiente  a forma di parallelepipedo  provvisto di coperchio
nadir;N#1344;1;1;0.34;0.01;0.00;-0.33;0.00;è il punto della sfera celeste diametralmente opposto allo zenit
movimento;N#2149;2;6;0.32;-0.01;0.00;-0.33;0.00;
mareografo;N#2551;1;1;0.32;-0.01;0.00;-0.33;0.00;strumento per il rilevamento del livello medio marino
cacciasommergibili;N#555;1;1;-0.10;-0.02;0.41;-0.33;0.00;
campana;N#1065;1;2;0.31;-0.02;0.00;-0.33;0.00;"strumento che si usa a bordo per segnalazioni es in caso di nebbia o per segnalare allarmi 
"
guidone;N#1537;1;2;0.30;-0.03;0.00;-0.33;0.00;"bandiera di forma triangolare o di striscia  che rappresenta il club di appartenenza o la compagnia di navigazione nella navi della marina mercantile
"
indice;N#1615;1;1;0.29;-0.04;0.00;-0.33;0.00;ago o altro tipo si sistema di segnalazione di uno strumento di misura o di un indicatore
remata;N#1769;1;1;-0.10;-0.06;0.04;-0.33;0.33;colpo di remo
dare;V#2146;1;9;0.27;-0.06;0.00;-0.33;0.00;
altocumulo;N#2541;1;1;0.18;-0.07;0.41;-0.66;0.00;nube stratificata bianca o grigiastra costituita da estese file di nubi cumuliformi ravvicinate fra loro
successione;N#2175;1;4;0.26;-0.07;0.00;-0.33;0.00;serie ordinata di cose  elementi o persone
affondare;V#1867;3;2;0.26;-0.07;0.00;-0.33;0.00;mandare a a fondo
ponente;N#2501;2;2;0.25;-0.08;0.00;-0.33;0.00;vento estivo  fresco e pomeridiano che spira da ovest la sua influenza è principalmente sentita sul tirreno e sull adriatico centromeridionale
canoa;N#361;2;2;0.25;-0.08;0.00;-0.33;0.00;la marina da diporto dà questo nome a un battello lungo circa 5 metri  con fasciame sovrapposto  prua e poppa pontate  un albero con vela di taglio e un fiocco
cambusiere;N#1056;1;1;0.24;-0.09;0.00;-0.33;0.00;addetto alla custodia e distribuzione dei viveri  cuoco di bordo
anticiclone;N#958;1;1;0.24;-0.09;0.00;-0.33;0.00;area circoscritta dove la pressione atmosferica è massima
andana;N#783;1;2;0.24;-0.09;0.00;-0.33;0.00;"modalità di ormeggio  per cui una imbarcazione si ormeggia affiancandosi ad un altra ormeggiata alla banchina o a sua volta affiancata
"
misurare;V#1007;1;4;0.24;-0.09;0.00;-0.33;0.00;stabilire un rapporto fra una grandezza e un altra omogenea usata come unità di misura
lossodromia;N#1643;1;1;0.23;-0.10;0.00;-0.33;0.00;linea retta che incrocia i meridiani con un angolo costante e  il percorso normalmente seguito navigando con la bussola
imbarco;N#615;1;1;-0.10;-0.10;0.33;-0.66;0.33;azione dell imbarcare
varea;N#1668;1;1;0.22;-0.11;0.00;-0.33;0.00;"nome generico per indicare la parte terminale di qualsiasi asta orizzontale dell alberatura
"
altura;N#860;1;2;0.22;-0.11;0.00;-0.33;0.00;mare lontano dalle coste
barcone;N#60;1;1;0.74;-0.11;0.14;-1.32;0.33;grossa imbarcazione per il trasporto delle merci 
bucintoro;N#1940;1;1;0.21;-0.12;0.00;-0.33;0.00;barca da parata con una ventina di remi per lato  usata a venezia per la cerimonia dello sposalizio col mare
grecale;N#1004;1;1;0.21;-0.12;0.00;-0.33;0.00;vento che spira da nordest a sudovest sul mediterraneo centrale e meridionale nelle stagioni fredde
sbandare;V#907;1;1;0.20;-0.13;0.00;-0.33;0.00;inclinarsi lateralmente a causa del vento  del moto ondoso o di uno spostamento dei pesi a bordo
marina;N#48;2;3;0.86;-0.13;0.00;-0.99;0.00;complesso delle persone e delle imbarcazioni addette alla navigazione
oblò;N#852;1;1;0.20;-0.13;0.00;-0.33;0.00;finestra circolare delle navi  dotata di vetro molto spesso che può essere apribile o fisso
scirocco;N#995;1;1;0.20;-0.13;0.00;-0.33;0.00;vento originariamente caldo e secco proveniente da sudest dal continente africano durante il suo tragitto attraversa il mediterraneo caricandosi di umidità  quindi raggiunge umido e violento l europa
lunghezza;N#1644;1;4;0.19;-0.14;0.00;-0.33;0.00;"distanza tra la prua e la poppa dello scafo  misurata sull asse longitudinale escludendo eventuali estremità
"
governare;V#2722;3;7;0.18;-0.15;0.00;-0.33;0.00;detto di una nave  rispondere ai comandi
manovra;N#638;1;2;0.19;-0.15;1.31;-2.97;1.32;azione o insieme di azioni per dirigere o modificare il movimento di una nave o di una imbarcazione per effettuare una manovra si utilizzano il timone  le ancore ed il sistema di propulsione motore ed eliche oppure le vele nei velieri
arruolare;V#813;1;3;0.18;-0.15;0.00;-0.33;0.00;assumere chi è iscritto nelle matricole della gente di mare  perché faccia parte dell equipaggio
stivaggio;N#423;1;1;0.26;-0.15;0.25;-0.66;0.00;operazione dello stivare
ridurre;V#1774;2;1;0.18;-0.15;0.00;-0.33;0.00;si usa comunemente con riferimento alla velatura  intendendo la presa di terzaroli o la sostituzione di una vela di prua con una di minor superficie
assicurare;V#1829;1;5;0.18;-0.15;0.00;-0.33;0.00;legare saldamente  fermare  fissare
trasbordo;N#654;1;1;-0.07;-0.15;0.25;-0.33;0.00;scarico delle merci in un porto  hub  per poi reimbarcarle
grandine;N#2535;1;2;0.17;-0.16;0.00;-0.33;0.00;precipitazione atmosferica di acqua gelata in piccole masse di dimensioni variabili causata dall improvviso raffreddamento del vapore acqueo
alluminio;N#2012;1;2;0.17;-0.16;0.00;-0.33;0.00;metallo leggero e di elevate caratteristiche meccaniche che lo rendono molto adatto alla costruzione di imbarcazioni
associazione;N#2650;1;1;0.16;-0.17;0.00;-0.33;0.00;unione organizzata di più persone con finalità comuni
tramontana;N#931;1;1;0.16;-0.17;0.00;-0.33;0.00;vento freddo che spira da nord  in inverno  e può investire tutta la penisola italiana
catamarano;N#1560;1;1;0.15;-0.18;0.00;-0.33;0.00;imbarcazione a vela con due scafi
orario;N#2271;1;1;0.15;-0.18;0.00;-0.33;0.00;" l ora o le ore in cui si svolge un certo fatto o una determinata attività orario di lavoro  d ufficio  orario di partenza di un aereo  orario di apertura  di chiusura  ora in cui negozi  uffici  banche e sim aprono o chiudono
"
prendere;V#2147;2;5;0.15;-0.18;0.00;-0.33;0.00;
maestrale;N#990;1;1;0.15;-0.18;0.00;-0.33;0.00;vento che spira da nord ovest  è uno dei venti predominanti del mediterraneo
orientare;V#857;1;2;0.15;-0.18;0.00;-0.33;0.00;posizionare le vele  per un determinato vento e una determinata andatura  in modo che l azione del vento sulle vele sia massima
carenaggio;N#718;1;1;-0.10;-0.18;0.25;-0.33;0.00;operazione con cui si mette in secco la carena per ripulire la carena o eseguire riparazioni
recapitare;V#686;1;1;-0.10;-0.18;0.25;-0.33;0.00;
tenersi_a_galla;V#1500;1;1;-0.10;-0.18;0.25;-0.33;0.00;
scalmo;N#1418;2;2;0.14;-0.19;0.00;-0.33;0.00;supporto di legno o metallo a cui si appoggia il remo
bordo;N#84;3;2;0.14;-0.19;0.00;-0.33;0.00;la nave stessa
nembostrato;N#2542;1;1;0.05;-0.20;0.41;-0.66;0.00;nube densa di colore grigio scuro  sfrangiata ai bordi e molto estesa orizzontalmente  alta circa mille metri dal suolo  che può dare origine a precipitazioni pioggia o neve
carico;N#2020;2;4;0.45;-0.21;0.00;-0.66;0.00;l atto del caricare
calma piatta;N#876;1;1;0.43;-0.23;0.00;-0.66;0.00;stato di calma del mare e del vento che rende impossibile la navigazione a vela
arcobaleno;N#2552;1;1;0.00;-0.25;0.41;-0.66;0.00;fenomeno ottico visibile in cielo  specialmente dopo un temporale  consistente in una serie di archi concentrici nella gamma di colori dello spettro solare
caricare;V#446;1;7;0.00;-0.25;0.41;-0.66;0.00;
virare;V#2618;1;1;0.00;-0.26;0.07;-0.66;0.33;eseguire un mutamento di rotta
varo;N#1669;1;1;0.14;-0.27;0.25;-0.66;0.00;l azione del varare una nave o altro tipo di imbarcazione
grandezza;N#501;3;3;1.00;-0.31;1.00;-3.63;1.32;espressione quantitativa del rapporto fra grandezze omogenee
governale;N#222;1;1;1.00;-0.32;0.00;-1.32;0.00;strumento delle imbarcazioni per mantenere la direzione durante il moto
codice;N#110;1;4;1.00;-0.32;0.00;-1.32;0.00;raccolta organica di leggi che regolano un dato settore del diritto
poppa;N#211;1;1;1.00;-0.32;0.00;-1.32;0.00;parte posteriore di imbarcazione
uscita;N#269;1;6;1.00;-0.32;0.00;-1.32;0.00;somma spesa  denaro speso
bozzello;N#879;1;1;0.31;-0.35;0.00;-0.66;0.00;carrucola semplice o multipla di forma e materiale differente costituita da una cassa all interno della quale girano girano una o più pulegge scanalate per ospitare il cavo che vi deve scorrere e da un gancio per fissare il bozzello
piano;N#1562;1;8;0.29;-0.37;0.00;-0.66;0.00;disegno di una pianta o di una sezione dell imbarcazione
strambare;V#587;1;1;0.29;-0.37;0.00;-0.66;0.00;manovrare per cambiare di bordo da poppa
consegnare;V#684;1;2;0.26;-0.40;0.00;-0.66;0.00;dare a un destinatario
orza;N#847;1;2;0.25;-0.41;0.00;-0.66;0.00;lato dell imbarcazione dal quale viene il vento  lato sopravvento
abbordaggio;N#574;1;2;0.24;-0.42;0.00;-0.99;0.33;urto volontario o collisione accidentale tra imbarcazioni
riviera;N#46;1;1;0.57;-0.42;0.00;-0.99;0.00;la striscia di terra situata lungo il mare
schema;N#2283;1;4;0.24;-0.42;0.00;-0.66;0.00;
ammainare;V#584;1;1;0.24;-0.42;0.00;-0.66;0.00;far discendere una vela sospesa ad un cavo facendola scorrere
occhiello;N#855;1;3;0.20;-0.46;0.00;-0.66;0.00;foro rinforzato posto su una vela
meteorologia;N#988;1;1;0.85;-0.47;0.00;-1.32;0.00;scienza che studia l  atmosfera terrestre e i fenomeni che vi si manifestano
ancoraggio;N#200;1;2;0.00;-0.50;0.16;-0.99;0.33;atto dell ormeggiare
spedire;V#486;1;2;0.16;-0.50;0.00;-0.66;0.00;fare che qlco pervenga a qlcu o in un determinato luogo
andare;V#2144;1;3;0.16;-0.50;0.00;-0.66;0.00;
moto;N#1789;1;7;0.15;-0.51;0.00;-0.66;0.00;movimento delle acque
trasbordare;V#653;1;1;-0.10;-0.51;0.25;-0.66;0.00;scaricare per poi reimbarcare
rada;N#916;1;1;0.32;-0.59;0.41;-1.32;0.00;insenatura che offre un buon riparo  porto naturale
rotta;N#217;2;3;1.00;-0.65;0.00;-1.65;0.00;tracciato che sulle carte indica il percorso seguito o da seguire
prora;N#212;1;1;1.00;-0.65;0.00;-1.65;0.00;parte anteriore di un imbarcazione
tariffa;N#272;1;2;1.00;-0.65;0.00;-1.65;0.00;prezzo stabilito per determinate merci o prestazioni
avvertimento;N#81;1;1;1.00;-0.65;0.00;-1.65;0.00;l annunciare  l avvertire  l avvertire  informare  l annunciare
remare;V#707;1;1;0.09;-0.65;0.25;-0.99;0.00;manovrare i remi o il remo di un imbarcazione immergendoli ritmicamente nell acqua in modo da far procedere l imbarcazione stessa
acqua;N#75;1;1;0.55;-0.72;0.38;-1.65;0.00;liquido trasparente  incolore  inodore ed insapore
capitano;N#507;1;5;0.23;-0.76;0.00;-0.99;0.00;comandante di una nave della marina mercantile
incrociare;V#1630;1;1;0.21;-0.78;0.00;-0.99;0.00;"navigare in una zona con scopi di sorveglianza o ricerca
"
veleggiare;V#148;1;1;0.50;-0.82;0.00;-1.32;0.00;navigare con un imbarcazione a vela
galea;N#2697;1;1;0.16;-0.83;0.00;-0.99;0.00;dal greco galeas  pesce spada  nave da guerra e da commercio usata nel mediterraneo per oltre tremila anni  il suo uso declinò a partire dal xvii secolo  quando venne man mano soppiantata dai velieri  estinguendosi alla fine del xviii secolo
segnale;N#1434;2;3;0.16;-0.83;0.00;-0.99;0.00;termine generico per indicare un tipo di comunicazione tra imbarcazioni o con la costa  tramite convenzioni e sistemi visivi  luminosi  acustici o radio
armare;V#704;3;3;0.14;-0.85;0.00;-0.99;0.00;attrezzare un veliero in un determinato modo  per es a cutter  a goletta  a sloop
veliero;N#163;1;1;1.00;-0.89;0.75;-3.96;1.32;bastimento a vela
impianto;N#1619;1;3;1.00;-0.98;0.00;-1.98;0.00;una apparecchiatura  dispositivo  insieme di congegni
motore;N#195;1;1;1.00;-0.98;0.00;-1.98;0.00;macchina atta a trasformare una determinata forma di energia in energia meccanica
diritto;N#489;1;5;0.25;-1.07;0.00;-1.32;0.00;tassa  onere fisso riscosso in corrispettivo di un atto o di un servizio
marea;N#192;1;1;0.62;-1.10;1.58;-3.63;0.33;movimento periodico delle acque del mare il cui livello si alza e si abbassa a fasi alterne quattro volte al giorno il fenomeno è dato dalla combinazione delle forze di attrazione del sole e della luna combinate con il moto di rotazione della terra 
armare;V#703;2;4;0.18;-1.14;0.00;-1.32;0.00;mettere una qualunque attrezzatura  della nave eo imbarcazione in condizione di svolgere la propria funzione
elica;N#116;1;1;0.83;-1.15;0.00;-1.98;0.00;organo meccanico che genera una spinta con la sua rotazione nell aria o nell acqua
classe;N#299;1;5;0.14;-1.18;0.00;-1.32;0.00;gruppo di imbarcazioni che possiedono le stesse caratteristiche
angolo;N#622;1;1;1.00;-1.26;0.38;-2.64;0.00;geom lo spazio tra due linee o piani che si intersecano
nolo;N#8;1;2;0.37;-1.28;0.00;-1.65;0.00;corrispettivo da pagarsi per il noleggio totale o parziale di una imbarcazione o nave  e per un trasporto marittimo di qualsiasi tipo
partecipazione;N#1447;4;1;0.58;-1.40;0.00;-1.98;0.00;l atto di comunicare  partecipare  l atto del comunicare
luogo;N#205;1;1;0.52;-1.48;2.95;-6.60;1.65;parte dello spazio occupata o occupabile materialmente o idealmente
numero;N#1854;1;4;0.16;-1.49;0.00;-1.65;0.00;insieme di cifre che possono identificare una barca  un coefficiente  ecc
bacino;N#794;2;4;0.13;-1.52;0.00;-1.65;0.00;spazio portuale delimitato da paratie stagne dove è possibile mettere in secca le navi
battello;N#367;1;1;0.13;-1.71;0.14;-2.31;0.33;piccola imbarcazione a remi o a motore adibita a vari usi specifici
navigare;V#38;1;2;0.42;-1.73;0.82;-3.30;0.33;effettuare un percorso  un viaggio per mare  su un corso o uno specchio d acqua  es una nave che naviga per il mediterraneo  navigare sul nilo 
area;N#1998;1;1;0.15;-1.73;0.43;-2.64;0.33;superficie  spazio delimitato
corrente;N#111;1;2;0.91;-1.73;0.00;-2.64;0.00;massa d acqua che si muove in una certa direzione
corda;N#108;1;1;1.00;-1.78;3.82;-8.58;1.98;prodotto flessibile per legare e assicurare
acque;N#119;1;1;1.00;-1.87;0.76;-3.96;0.33;il complesso delle acque salate che coprono gran parte della superficie terrestre
linea;N#2285;1;9;0.41;-1.90;0.00;-2.31;0.00;"servizio che garantisce il trasporto di passeggeri e merci fra due o più località linee aeree  ferroviarie  marittime  l itinerario effettuato da un mezzo di comunicazione  tratta compresa fra due località la linea livornocagliari
"
fondale;N#187;2;3;1.00;-1.97;0.00;-2.97;0.00;il fondo del mare
materiale;N#1645;2;1;0.05;-2.16;0.76;-3.30;0.33;materia  sostanza necessaria per un certo lavoro o per certe attrezzature
manovrare;V#331;1;1;0.09;-2.68;1.52;-5.28;0.99;fare manovra  dirigere o modificare il movimento di una nave o di una imbarcazione
barca;N#1;1;1;0.41;-2.74;1.47;-5.28;0.66;imbarcazione di piccole dimensioni  a remi  a vela  o a motore aperta o parzialmente pontata
aria;N#224;5;5;1.00;-3.44;1.17;-5.94;0.33;spostamento di masse d aria atmosferiche dovuto a differenza di temperatura o di pressione  spostamento di masse d aria atmosferiche causato da differenze di temperatura o di pressione
bandiera;N#98;1;2;0.22;-4.40;0.00;-4.62;0.00;drappo di stoffa leggera attaccata all asta o all albero di una nave
annodatura;N#389;1;1;0.82;-7.76;0.00;-8.58;0.00;legamento di due estremità di funi  cavi e sim
